Feature Scenario,Testcase Title,TestcaseId,Testcase Precondition,Testcase Steps,Expected Results
Block Service Docker Container,Block Service Up - [Valid Scenerio],TC-MuliCloud-Block-1,"SODA Multi-Cloud Docker Containers Up & Running
",,
Create AWS Backend,Backend Registration - [Valid Scenerio],TC-MuliCloud-Block-2,"SODA Multi-Cloud Docker Containers Up & Running
",,
Create AWS Backend for non-existing Backend Type,Backend Registration - [InValid Scenerio],TC-MuliCloud-Block-3,"SODA Multi-Cloud Docker Containers Up & Running
",,
Create AWS Backend for Invalid Region,Backend Registration - [InValid Scenerio],TC-MuliCloud-Block-4,"SODA Multi-Cloud Docker Containers Up & Running
",,
Create AWS Backend for Invalid AK,Backend Registration - [InValid Scenerio],TC-MuliCloud-Block-5,"SODA Multi-Cloud Docker Containers Up & Running
",,
Create AWS Backend for Invalid SK,Backend Registration - [InValid Scenerio],TC-MuliCloud-Block-6,"SODA Multi-Cloud Docker Containers Up & Running
",,
List Backends,Backend Listing - [Valid Scenerio],TC-MuliCloud-Block-7,"SODA Multi-Cloud Docker Containers Up & Running
",,
Get AWS Backend,Backend GET - [Valid Scenerio],TC-MuliCloud-Block-8,"SODA Multi-Cloud Docker Containers Up & Running
",,
Delete AWS Backend,Backend Deletion - [Valid Scenerio],TC-MuliCloud-Block-9,"SODA Multi-Cloud Docker Containers Up & Running
",,
"Create General Purpose SSD (gp2) Volume 
with following conditions:

1 GiB >= size <= 16384 GiB
Valid Backend Id
Vaild AvailabiltyZone
With Desccription",Volume Creation - [InValid Scenerio],TC-MuliCloud-Block-10,"SODA Multi-Cloud Docker Containers Up & Running
",,
"Create General Purpose SSD (gp2) Volume 
with following conditions:

1 GiB >= size <= 16384 GiB
Valid Backend Id
Vaild AvailabiltyZone
Without Desccription",Volume Creation - [InValid Scenerio],TC-MuliCloud-Block-11,"SODA Multi-Cloud Docker Containers Up & Running
",,
"Create General Purpose SSD (gp2) Volume 
with InValid/ Non-Existence Backend Id",Volume Creation - [InValid Scenerio],TC-MuliCloud-Block-12,"SODA Multi-Cloud Docker Containers Up & Running
",,
"Create General Purpose SSD (gp2) Volume 
with Non Block Type Backend",Volume Creation - [InValid Scenerio],TC-MuliCloud-Block-13,"SODA Multi-Cloud Docker Containers Up & Running
",,
"Create General Purpose SSD (gp2) Volume 
with Invalid Region in provided Backend",Volume Creation - [InValid Scenerio],TC-MuliCloud-Block-14,"SODA Multi-Cloud Docker Containers Up & Running
",,
"Create General Purpose SSD (gp2) Volume 
with Invalid AK in provided Backend",Volume Creation - [InValid Scenerio],TC-MuliCloud-Block-15,"SODA Multi-Cloud Docker Containers Up & Running
",,
"Create General Purpose SSD (gp2) Volume 
with Invalid SK in provided Backend",Volume Creation - [InValid Scenerio],TC-MuliCloud-Block-16,"SODA Multi-Cloud Docker Containers Up & Running
",,
"Create General Purpose SSD (gp2) Volume 
with Invalid AvailabilityZone",Volume Creation - [InValid Scenerio],TC-MuliCloud-Block-17,"SODA Multi-Cloud Docker Containers Up & Running
",,
"Create General Purpose SSD (gp2) Volume 
size < 1 GiB",Volume Creation - [InValid Scenerio],TC-MuliCloud-Block-18,"SODA Multi-Cloud Docker Containers Up & Running
",,
"Create General Purpose SSD (gp2) Volume
size > 16384 GiB",Volume Creation - [InValid Scenerio],TC-MuliCloud-Block-19,"SODA Multi-Cloud Docker Containers Up & Running
",,
"Create General Purpose SSD (gp2) Volume
 with IOPS",Volume Creation - [InValid Scenerio],TC-MuliCloud-Block-20,"SODA Multi-Cloud Docker Containers Up & Running
",,
"Create General Purpose SSD (gp2) Volume
 with ThroughPuts",Volume Creation - [InValid Scenerio],TC-MuliCloud-Block-21,"SODA Multi-Cloud Docker Containers Up & Running
",,
"Create General Purpose SSD (gp2) Volume
with Tags with following condition 
Number of Tags upto 50 in Size
Length of Tag key is <= 128 
Length of Tag key is <=256",Volume Creation - [Valid Scenerio],TC-MuliCloud-Block-22,"SODA Multi-Cloud Docker Containers Up & Running
",,
"Create General Purpose SSD (gp2) Volume
with Tags with following condition 
Number of Tags upto 50 in Size
Length of Tag key is > 128 
Length of Tag key is <= 256",Volume Creation - [InValid Scenerio],TC-MuliCloud-Block-23,"SODA Multi-Cloud Docker Containers Up & Running
",,
"Create General Purpose SSD (gp2) Volume
with Tags with following condition 
Number of Tags upto 50 in Size
Length of Tag key is <= 128 
Length of Tag key is > 256",Volume Creation - [InValid Scenerio],TC-MuliCloud-Block-24,"SODA Multi-Cloud Docker Containers Up & Running
",,
"Create General Purpose SSD (gp2) Volume
with Tags with following condition 
Number of Tags upto 50 in Size
Length of Tag key is > 128 
Length of Tag key is > 256",Volume Creation - [InValid Scenerio],TC-MuliCloud-Block-25,"SODA Multi-Cloud Docker Containers Up & Running
",,
"Create General Purpose SSD (gp2) Volume
with Tags with following condition 
Number of Tags > 50 in Size
Length of Tag key is <= 128 
Length of Tag key is <=256",Volume Creation - [InValid Scenerio],TC-MuliCloud-Block-26,"SODA Multi-Cloud Docker Containers Up & Running
",,
"Create General Purpose SSD (gp2) Volume
 Number of Tags > 50 in Size
Length of Tag key is > 128 
Length of Tag key is <=256",Volume Creation - [InValid Scenerio],TC-MuliCloud-Block-27,"SODA Multi-Cloud Docker Containers Up & Running
",,
"Create General Purpose SSD (gp2) Volume
 Number of Tags > 50 in Size
Length of Tag key is <= 128 
Length of Tag key is > 256",Volume Creation - [InValid Scenerio],TC-MuliCloud-Block-28,"SODA Multi-Cloud Docker Containers Up & Running
",,
"Create General Purpose SSD (gp2) Volume
 Number of Tags > 50 in Size
Length of Tag key is > 128 
Length of Tag key is > 256",Volume Creation - [InValid Scenerio],TC-MuliCloud-Block-29,"SODA Multi-Cloud Docker Containers Up & Running
",,
"Create Encrypted General Purpose SSD (gp2) Volume
with Valid KMSKeyId
",Volume Creation - [Valid Scenerio],TC-MuliCloud-Block-30,"SODA Multi-Cloud Docker Containers Up & Running
",,
"Create Encrypted General Purpose SSD (gp2) Volume
with InValid KMSKeyId
",Volume Creation - [InValid Scenerio],TC-MuliCloud-Block-31,"SODA Multi-Cloud Docker Containers Up & Running
",,
"Create Encrypted General Purpose SSD (gp2) Volume
with Valid KMSKeyARN
",Volume Creation - [Valid Scenerio],TC-MuliCloud-Block-32,"SODA Multi-Cloud Docker Containers Up & Running
",,
"Create Encrypted General Purpose SSD (gp2) Volume
with InValid KMSKeyARN
",Volume Creation - [InValid Scenerio],TC-MuliCloud-Block-33,"SODA Multi-Cloud Docker Containers Up & Running
",,
"Create Provisioned IOPS SSD (io1) Volume 
with the following conditions

4 GiB >= size <= 16384 GiB
Valid Backend Id
Vaild AvailabiltyZone
With Desccription",Volume Creation - [Valid Scenerio],TC-MuliCloud-Block-34,"SODA Multi-Cloud Docker Containers Up & Running
",,
"Create Provisioned IOPS SSD (io1) Volume 
with the following conditions

4 GiB >= size <= 16384 GiB
Valid Backend Id
Vaild AvailabiltyZone
Without Desccription",Volume Creation - [Valid Scenerio],TC-MuliCloud-Block-35,"SODA Multi-Cloud Docker Containers Up & Running
",,
"Create  Provisioned IOPS SSD (io1) Volume 
with InValid/ Non-Existence Backend Id",Volume Creation - [InValid Scenerio],TC-MuliCloud-Block-36,"SODA Multi-Cloud Docker Containers Up & Running
",,
"Create  Provisioned IOPS SSD (io1) Volume 
with Non Block Type Backend",Volume Creation - [InValid Scenerio],TC-MuliCloud-Block-37,"SODA Multi-Cloud Docker Containers Up & Running
",,
"Create  Provisioned IOPS SSD (io1) Volume 
with Invalid Region in provided Backend",Volume Creation - [InValid Scenerio],TC-MuliCloud-Block-38,"SODA Multi-Cloud Docker Containers Up & Running
",,
"Create  Provisioned IOPS SSD (io1) Volume 
with Invalid AK in provided Backend",Volume Creation - [InValid Scenerio],TC-MuliCloud-Block-39,"SODA Multi-Cloud Docker Containers Up & Running
",,
"Create  Provisioned IOPS SSD (io1) Volume 
with Invalid SK in provided Backend",Volume Creation - [InValid Scenerio],TC-MuliCloud-Block-40,"SODA Multi-Cloud Docker Containers Up & Running
",,
"Create  Provisioned IOPS SSD (io1) Volume 
with Invalid AvailabilityZone",Volume Creation - [InValid Scenerio],TC-MuliCloud-Block-41,"SODA Multi-Cloud Docker Containers Up & Running
",,
"CreateProvisioned IOPS SSD (io1) Volume 
size < 4 GiB",Volume Creation - [InValid Scenerio],TC-MuliCloud-Block-42,"SODA Multi-Cloud Docker Containers Up & Running
",,
"Create Provisioned IOPS SSD (io1) Volume
size > 16384 GiB",Volume Creation - [InValid Scenerio],TC-MuliCloud-Block-43,"SODA Multi-Cloud Docker Containers Up & Running
",,
"Create Provisioned IOPS SSD (io1) Volume
 with 100 >= IOPS  <= 64000",Volume Creation - [Valid Scenerio],TC-MuliCloud-Block-44,"SODA Multi-Cloud Docker Containers Up & Running
",,
"Create Provisioned IOPS SSD (io1) Volume
 with IOPS < 100",Volume Creation - [InValid Scenerio],TC-MuliCloud-Block-45,"SODA Multi-Cloud Docker Containers Up & Running
",,
"Create Provisioned IOPS SSD (io1) Volume
 with IOPS > 64000",Volume Creation - [InValid Scenerio],TC-MuliCloud-Block-46,"SODA Multi-Cloud Docker Containers Up & Running
",,
"Create Provisioned IOPS SSD (io1) Volume
 with ThroughPuts",Volume Creation - [InValid Scenerio],TC-MuliCloud-Block-47,"SODA Multi-Cloud Docker Containers Up & Running
",,
"Create Provisioned IOPS SSD (io1) Volume
with Tags with following condition 
Number of Tags upto 50 in Size
Length of Tag key is <= 128 
Length of Tag key is <=256",Volume Creation - [Valid Scenerio],TC-MuliCloud-Block-48,"SODA Multi-Cloud Docker Containers Up & Running
",,
"Create Provisioned IOPS SSD (io1)Volume
with Tags with following condition 
Number of Tags upto 50 in Size
Length of Tag key is > 128 
Length of Tag key is <= 256",Volume Creation - [InValid Scenerio],TC-MuliCloud-Block-49,"SODA Multi-Cloud Docker Containers Up & Running
",,
"Create Provisioned IOPS SSD (io1) Volume
with Tags with following condition 
Number of Tags upto 50 in Size
Length of Tag key is <= 128 
Length of Tag key is > 256",Volume Creation - [InValid Scenerio],TC-MuliCloud-Block-50,"SODA Multi-Cloud Docker Containers Up & Running
",,
"Create Provisioned IOPS SSD (io1) Volume
with Tags with following condition 
Number of Tags upto 50 in Size
Length of Tag key is > 128 
Length of Tag key is > 256",Volume Creation - [InValid Scenerio],TC-MuliCloud-Block-51,"SODA Multi-Cloud Docker Containers Up & Running
",,
"Create Provisioned IOPS SSD (io1) Volume
with Tags with following condition 
Number of Tags > 50 in Size
Length of Tag key is <= 128 
Length of Tag key is <=256",Volume Creation - [InValid Scenerio],TC-MuliCloud-Block-52,"SODA Multi-Cloud Docker Containers Up & Running
",,
"Create Provisioned IOPS SSD (io1) Volume
 Number of Tags > 50 in Size
Length of Tag key is > 128 
Length of Tag key is <=256",Volume Creation - [InValid Scenerio],TC-MuliCloud-Block-53,"SODA Multi-Cloud Docker Containers Up & Running
",,
"Create Provisioned IOPS SSD (io1) Volume
 Number of Tags > 50 in Size
Length of Tag key is <= 128 
Length of Tag key is > 256",Volume Creation - [InValid Scenerio],TC-MuliCloud-Block-54,"SODA Multi-Cloud Docker Containers Up & Running
",,
"Create Provisioned IOPS SSD (io1) Volume
 Number of Tags > 50 in Size
Length of Tag key is > 128 
Length of Tag key is > 256",Volume Creation - [InValid Scenerio],TC-MuliCloud-Block-55,"SODA Multi-Cloud Docker Containers Up & Running
",,
"Create Encrypted Provisioned IOPS SSD (io1) Volume
with Valid KMSKeyId
",Volume Creation - [Valid Scenerio],TC-MuliCloud-Block-56,"SODA Multi-Cloud Docker Containers Up & Running
",,
"Create Encrypted Provisioned IOPS SSD (io1) Volume
with InValid KMSKeyId
",Volume Creation - [InValid Scenerio],TC-MuliCloud-Block-57,"SODA Multi-Cloud Docker Containers Up & Running
",,
"Create Encrypted Provisioned IOPS SSD (io1) Volume
with Valid KMSKeyARN
",Volume Creation - [Valid Scenerio],TC-MuliCloud-Block-58,"SODA Multi-Cloud Docker Containers Up & Running
",,
"Create Encrypted Provisioned IOPS SSD (io1) Volume
with InValid KMSKeyARN
",Volume Creation - [InValid Scenerio],TC-MuliCloud-Block-59,"SODA Multi-Cloud Docker Containers Up & Running
",,
"Create Provisioned IOPS SSD (io2) Volume 
with the following conditions

4 GiB >= size <= 16384 GiB
Valid Backend Id
Vaild AvailabiltyZone
With Desccription",Volume Creation - [Valid Scenerio],TC-MuliCloud-Block-60,"SODA Multi-Cloud Docker Containers Up & Running
",,
"Create Provisioned IOPS SSD (io2) Volume 
with the following conditions

4 GiB >= size <= 16384 GiB
Valid Backend Id
Vaild AvailabiltyZone
Without Desccription",Volume Creation - [Valid Scenerio],TC-MuliCloud-Block-61,"SODA Multi-Cloud Docker Containers Up & Running
",,
"Create  Provisioned IOPS SSD (io2) Volume 
with InValid/ Non-Existence Backend Id",Volume Creation - [InValid Scenerio],TC-MuliCloud-Block-62,"SODA Multi-Cloud Docker Containers Up & Running
",,
"Create  Provisioned IOPS SSD (io2) Volume 
with Non Block Type Backend",Volume Creation - [InValid Scenerio],TC-MuliCloud-Block-63,"SODA Multi-Cloud Docker Containers Up & Running
",,
"Create  Provisioned IOPS SSD (io2) Volume 
with Invalid Region in provided Backend",Volume Creation - [InValid Scenerio],TC-MuliCloud-Block-64,"SODA Multi-Cloud Docker Containers Up & Running
",,
"Create  Provisioned IOPS SSD (io2) Volume 
with Invalid AK in provided Backend",Volume Creation - [InValid Scenerio],TC-MuliCloud-Block-65,"SODA Multi-Cloud Docker Containers Up & Running
",,
"Create  Provisioned IOPS SSD (io2) Volume 
with Invalid SK in provided Backend",Volume Creation - [InValid Scenerio],TC-MuliCloud-Block-66,"SODA Multi-Cloud Docker Containers Up & Running
",,
"Create  Provisioned IOPS SSD (io2) Volume 
with Invalid AvailabilityZone",Volume Creation - [InValid Scenerio],TC-MuliCloud-Block-67,"SODA Multi-Cloud Docker Containers Up & Running
",,
"CreateProvisioned IOPS SSD (io2) Volume 
size < 4 GiB",Volume Creation - [InValid Scenerio],TC-MuliCloud-Block-68,"SODA Multi-Cloud Docker Containers Up & Running
",,
"Create Provisioned IOPS SSD (io2) Volume
size > 16384 GiB",Volume Creation - [InValid Scenerio],TC-MuliCloud-Block-69,"SODA Multi-Cloud Docker Containers Up & Running
",,
"Create Provisioned IOPS SSD (io2) Volume
 with 100 >= IOPS  <= 64000",Volume Creation - [Valid Scenerio],TC-MuliCloud-Block-70,"SODA Multi-Cloud Docker Containers Up & Running
",,
"Create Provisioned IOPS SSD (io2) Volume
 with IOPS < 100",Volume Creation - [InValid Scenerio],TC-MuliCloud-Block-71,"SODA Multi-Cloud Docker Containers Up & Running
",,
"Create Provisioned IOPS SSD (io2) Volume
 with IOPS > 64000",Volume Creation - [InValid Scenerio],TC-MuliCloud-Block-72,"SODA Multi-Cloud Docker Containers Up & Running
",,
"Create Provisioned IOPS SSD (io2) Volume
 with ThroughPuts",Volume Creation - [InValid Scenerio],TC-MuliCloud-Block-73,"SODA Multi-Cloud Docker Containers Up & Running
",,
"Create Provisioned IOPS SSD (io2) Volume
with Tags with following condition 
Number of Tags upto 50 in Size
Length of Tag key is <= 128 
Length of Tag key is <=256",Volume Creation - [Valid Scenerio],TC-MuliCloud-Block-74,"SODA Multi-Cloud Docker Containers Up & Running
",,
"Create Provisioned IOPS SSD (io2)Volume
with Tags with following condition 
Number of Tags upto 50 in Size
Length of Tag key is > 128 
Length of Tag key is <= 256",Volume Creation - [InValid Scenerio],TC-MuliCloud-Block-75,"SODA Multi-Cloud Docker Containers Up & Running
",,
"Create Provisioned IOPS SSD (io2) Volume
with Tags with following condition 
Number of Tags upto 50 in Size
Length of Tag key is <= 128 
Length of Tag key is > 256",Volume Creation - [InValid Scenerio],TC-MuliCloud-Block-76,"SODA Multi-Cloud Docker Containers Up & Running
",,
"Create Provisioned IOPS SSD (io2) Volume
with Tags with following condition 
Number of Tags upto 50 in Size
Length of Tag key is > 128 
Length of Tag key is > 256",Volume Creation - [InValid Scenerio],TC-MuliCloud-Block-77,"SODA Multi-Cloud Docker Containers Up & Running
",,
"Create Provisioned IOPS SSD (io2) Volume
with Tags with following condition 
Number of Tags > 50 in Size
Length of Tag key is <= 128 
Length of Tag key is <=256",Volume Creation - [InValid Scenerio],TC-MuliCloud-Block-78,"SODA Multi-Cloud Docker Containers Up & Running
",,
"Create Provisioned IOPS SSD (io2) Volume
 Number of Tags > 50 in Size
Length of Tag key is > 128 
Length of Tag key is <=256",Volume Creation - [InValid Scenerio],TC-MuliCloud-Block-79,"SODA Multi-Cloud Docker Containers Up & Running
",,
"Create Provisioned IOPS SSD (io2) Volume
 Number of Tags > 50 in Size
Length of Tag key is <= 128 
Length of Tag key is > 256",Volume Creation - [InValid Scenerio],TC-MuliCloud-Block-80,"SODA Multi-Cloud Docker Containers Up & Running
",,
"Create Provisioned IOPS SSD (io2) Volume
 Number of Tags > 50 in Size
Length of Tag key is > 128 
Length of Tag key is > 256",Volume Creation - [InValid Scenerio],TC-MuliCloud-Block-81,"SODA Multi-Cloud Docker Containers Up & Running
",,
"Create Encrypted Provisioned IOPS SSD (io2) Volume
with Valid KMSKeyId
",Volume Creation - [Valid Scenerio],TC-MuliCloud-Block-82,"SODA Multi-Cloud Docker Containers Up & Running
",,
"Create Encrypted Provisioned IOPS SSD (io2) Volume
with InValid KMSKeyId
",Volume Creation - [InValid Scenerio],TC-MuliCloud-Block-83,"SODA Multi-Cloud Docker Containers Up & Running
",,
"Create Encrypted Provisioned IOPS SSD (io2) Volume
with Valid KMSKeyARN
",Volume Creation - [Valid Scenerio],TC-MuliCloud-Block-84,"SODA Multi-Cloud Docker Containers Up & Running
",,
"Create Encrypted Provisioned IOPS SSD (io2) Volume
with InValid KMSKeyARN
",Volume Creation - [InValid Scenerio],TC-MuliCloud-Block-85,"SODA Multi-Cloud Docker Containers Up & Running
",,
"Create Cold HDD (sc1) Volume 
with the following conditions:
 
500 GiB >= size <= 16384 GiB
Valid Backend Id
Vaild AvailabiltyZone
With Desccription",Volume Creation - [Valid Scenerio],TC-MuliCloud-Block-86,"SODA Multi-Cloud Docker Containers Up & Running
",,
"Create Cold HDD (sc1) Volume 
with the following conditions:
 
500 GiB >= size <= 16384 GiB
Valid Backend Id
Vaild AvailabiltyZone
Without Desccription",Volume Creation - [Valid Scenerio],TC-MuliCloud-Block-87,"SODA Multi-Cloud Docker Containers Up & Running
",,
"Create  Cold HDD (sc1) Volume 
with InValid/ Non-Existence Backend Id",Volume Creation - [InValid Scenerio],TC-MuliCloud-Block-88,"SODA Multi-Cloud Docker Containers Up & Running
",,
"Create Cold HDD (sc1) Volume 
with Non Block Type Backend",Volume Creation - [InValid Scenerio],TC-MuliCloud-Block-89,"SODA Multi-Cloud Docker Containers Up & Running
",,
"Create Cold HDD (sc1) Volume 
with Invalid Region in provided Backend",Volume Creation - [InValid Scenerio],TC-MuliCloud-Block-90,"SODA Multi-Cloud Docker Containers Up & Running
",,
"Create Cold HDD (sc1) Volume 
with Invalid AK in provided Backend",Volume Creation - [InValid Scenerio],TC-MuliCloud-Block-91,"SODA Multi-Cloud Docker Containers Up & Running
",,
"Create Cold HDD (sc1) Volume 
with Invalid SK in provided Backend",Volume Creation - [InValid Scenerio],TC-MuliCloud-Block-92,"SODA Multi-Cloud Docker Containers Up & Running
",,
"Create Cold HDD (sc1) Volume 
with Invalid AvailabilityZone",Volume Creation - [InValid Scenerio],TC-MuliCloud-Block-93,"SODA Multi-Cloud Docker Containers Up & Running
",,
"CreateCold HDD (sc1) Volume 
size < 500 GiB",Volume Creation - [InValid Scenerio],TC-MuliCloud-Block-94,"SODA Multi-Cloud Docker Containers Up & Running
",,
"Create Cold HDD (sc1) Volume
size > 16384 GiB",Volume Creation - [InValid Scenerio],TC-MuliCloud-Block-95,"SODA Multi-Cloud Docker Containers Up & Running
",,
"Create Cold HDD (sc1) Volume
 with IOPS",Volume Creation - [Valid Scenerio],TC-MuliCloud-Block-96,"SODA Multi-Cloud Docker Containers Up & Running
",,
"Create Cold HDD (sc1) Volume
 with ThroughPuts",Volume Creation - [InValid Scenerio],TC-MuliCloud-Block-97,"SODA Multi-Cloud Docker Containers Up & Running
",,
"Create Cold HDD (sc1) Volume
with Tags with following condition 
Number of Tags upto 50 in Size
Length of Tag key is <= 128 
Length of Tag key is <=256",Volume Creation - [Valid Scenerio],TC-MuliCloud-Block-98,"SODA Multi-Cloud Docker Containers Up & Running
",,
"Create Cold HDD (sc1) Volume
with Tags with following condition 
Number of Tags upto 50 in Size
Length of Tag key is > 128 
Length of Tag key is <= 256",Volume Creation - [InValid Scenerio],TC-MuliCloud-Block-99,"SODA Multi-Cloud Docker Containers Up & Running
",,
"Create Cold HDD (sc1) Volume
with Tags with following condition 
Number of Tags upto 50 in Size
Length of Tag key is <= 128 
Length of Tag key is > 256",Volume Creation - [InValid Scenerio],TC-MuliCloud-Block-100,"SODA Multi-Cloud Docker Containers Up & Running
",,
"Create Cold HDD (sc1) Volume
with Tags with following condition 
Number of Tags upto 50 in Size
Length of Tag key is > 128 
Length of Tag key is > 256",Volume Creation - [InValid Scenerio],TC-MuliCloud-Block-101,"SODA Multi-Cloud Docker Containers Up & Running
",,
"Create Cold HDD (sc1) Volume
with Tags with following condition 
Number of Tags > 50 in Size
Length of Tag key is <= 128 
Length of Tag key is <=256",Volume Creation - [InValid Scenerio],TC-MuliCloud-Block-102,"SODA Multi-Cloud Docker Containers Up & Running
",,
"Create Cold HDD (sc1) Volume
 Number of Tags > 50 in Size
Length of Tag key is > 128 
Length of Tag key is <=256",Volume Creation - [InValid Scenerio],TC-MuliCloud-Block-103,"SODA Multi-Cloud Docker Containers Up & Running
",,
"Create Cold HDD (sc1) Volume
 Number of Tags > 50 in Size
Length of Tag key is <= 128 
Length of Tag key is > 256",Volume Creation - [InValid Scenerio],TC-MuliCloud-Block-104,"SODA Multi-Cloud Docker Containers Up & Running
",,
"Create Cold HDD (sc1) Volume
 Number of Tags > 50 in Size
Length of Tag key is > 128 
Length of Tag key is > 256",Volume Creation - [InValid Scenerio],TC-MuliCloud-Block-105,"SODA Multi-Cloud Docker Containers Up & Running
",,
"Create Encrypted Cold HDD (sc1) Volume
with Valid KMSKeyId
",Volume Creation - [Valid Scenerio],TC-MuliCloud-Block-106,"SODA Multi-Cloud Docker Containers Up & Running
",,
"Create Encrypted Cold HDD (sc1) Volume
with InValid KMSKeyId
",Volume Creation - [InValid Scenerio],TC-MuliCloud-Block-107,"SODA Multi-Cloud Docker Containers Up & Running
",,
"Create Encrypted Cold HDD (sc1) Volume
with Valid KMSKeyARN
",Volume Creation - [Valid Scenerio],TC-MuliCloud-Block-108,"SODA Multi-Cloud Docker Containers Up & Running
",,
"Create Encrypted Cold HDD (sc1) Volume
with InValid KMSKeyARN
",Volume Creation - [InValid Scenerio],TC-MuliCloud-Block-109,"SODA Multi-Cloud Docker Containers Up & Running
",,
"Create Throughput Optimized HDD (st1) Volume 
with the following conditions:

500 GiB >= size <= 16384 GiB
Valid Backend Id
Vaild AvailabiltyZone
With Description",Volume Creation - [Valid Scenerio],TC-MuliCloud-Block-110,"SODA Multi-Cloud Docker Containers Up & Running
",,
"Create Throughput Optimized HDD (st1) Volume 
with the following conditions:

500 GiB >= size <= 16384 GiB
Valid Backend Id
Vaild AvailabiltyZone
Without Desccription",Volume Creation - [Valid Scenerio],TC-MuliCloud-Block-111,"SODA Multi-Cloud Docker Containers Up & Running
",,
"Create  Throughput Optimized HDD (st1)  Volume 
with InValid/ Non-Existence Backend Id",Volume Creation - [InValid Scenerio],TC-MuliCloud-Block-112,"SODA Multi-Cloud Docker Containers Up & Running
",,
"Create Throughput Optimized HDD (st1) Volume 
with Non Block Type Backend",Volume Creation - [InValid Scenerio],TC-MuliCloud-Block-113,"SODA Multi-Cloud Docker Containers Up & Running
",,
"Create Throughput Optimized HDD (st1) Volume 
with Invalid Region in provided Backend",Volume Creation - [InValid Scenerio],TC-MuliCloud-Block-114,"SODA Multi-Cloud Docker Containers Up & Running
",,
"Create Throughput Optimized HDD (st1) Volume 
with Invalid AK in provided Backend",Volume Creation - [InValid Scenerio],TC-MuliCloud-Block-115,"SODA Multi-Cloud Docker Containers Up & Running
",,
"Create Throughput Optimized HDD (st1) Volume 
with Invalid SK in provided Backend",Volume Creation - [InValid Scenerio],TC-MuliCloud-Block-116,"SODA Multi-Cloud Docker Containers Up & Running
",,
"Create Throughput Optimized HDD (st1) Volume 
with Invalid AvailabilityZone",Volume Creation - [InValid Scenerio],TC-MuliCloud-Block-117,"SODA Multi-Cloud Docker Containers Up & Running
",,
"Create Throughput Optimized HDD (st1) Volume 
size < 500 GiB",Volume Creation - [InValid Scenerio],TC-MuliCloud-Block-118,"SODA Multi-Cloud Docker Containers Up & Running
",,
"Create Throughput Optimized HDD (st1)  Volume
size > 16384 GiB",Volume Creation - [InValid Scenerio],TC-MuliCloud-Block-119,"SODA Multi-Cloud Docker Containers Up & Running
",,
"Create Throughput Optimized HDD (st1)  Volume
 with IOPS",Volume Creation - [Valid Scenerio],TC-MuliCloud-Block-120,"SODA Multi-Cloud Docker Containers Up & Running
",,
"Create Throughput Optimized HDD (st1)  Volume
 with ThroughPuts",Volume Creation - [InValid Scenerio],TC-MuliCloud-Block-121,"SODA Multi-Cloud Docker Containers Up & Running
",,
"Create Throughput Optimized HDD (st1)  Volume
with Tags with following condition 
Number of Tags upto 50 in Size
Length of Tag key is <= 128 
Length of Tag key is <=256",Volume Creation - [Valid Scenerio],TC-MuliCloud-Block-122,"SODA Multi-Cloud Docker Containers Up & Running
",,
"Create Throughput Optimized HDD (st1)  Volume
with Tags with following condition 
Number of Tags upto 50 in Size
Length of Tag key is > 128 
Length of Tag key is <= 256",Volume Creation - [InValid Scenerio],TC-MuliCloud-Block-123,"SODA Multi-Cloud Docker Containers Up & Running
",,
"Create Throughput Optimized HDD (st1)  Volume
with Tags with following condition 
Number of Tags upto 50 in Size
Length of Tag key is <= 128 
Length of Tag key is > 256",Volume Creation - [InValid Scenerio],TC-MuliCloud-Block-124,"SODA Multi-Cloud Docker Containers Up & Running
",,
"Create Throughput Optimized HDD (st1)  Volume
with Tags with following condition 
Number of Tags upto 50 in Size
Length of Tag key is > 128 
Length of Tag key is > 256",Volume Creation - [InValid Scenerio],TC-MuliCloud-Block-125,"SODA Multi-Cloud Docker Containers Up & Running
",,
"Create Throughput Optimized HDD (st1) Volume
with Tags with following condition 
Number of Tags > 50 in Size
Length of Tag key is <= 128 
Length of Tag key is <=256",Volume Creation - [InValid Scenerio],TC-MuliCloud-Block-126,"SODA Multi-Cloud Docker Containers Up & Running
",,
"Create Throughput Optimized HDD (st1) Volume
 Number of Tags > 50 in Size
Length of Tag key is > 128 
Length of Tag key is <=256",Volume Creation - [InValid Scenerio],TC-MuliCloud-Block-127,"SODA Multi-Cloud Docker Containers Up & Running
",,
"Create Throughput Optimized HDD (st1)  Volume
 Number of Tags > 50 in Size
Length of Tag key is <= 128 
Length of Tag key is > 256",Volume Creation - [InValid Scenerio],TC-MuliCloud-Block-128,"SODA Multi-Cloud Docker Containers Up & Running
",,
"Create Throughput Optimized HDD (st1)  Volume
 Number of Tags > 50 in Size
Length of Tag key is > 128 
Length of Tag key is > 256",Volume Creation - [InValid Scenerio],TC-MuliCloud-Block-129,"SODA Multi-Cloud Docker Containers Up & Running
",,
"Create Encrypted Throughput Optimized HDD (st1) Volume
with Valid KMSKeyId
",Volume Creation - [Valid Scenerio],TC-MuliCloud-Block-130,"SODA Multi-Cloud Docker Containers Up & Running
",,
"Create Encrypted Throughput Optimized HDD (st1) Volume
with InValid KMSKeyId
",Volume Creation - [InValid Scenerio],TC-MuliCloud-Block-131,"SODA Multi-Cloud Docker Containers Up & Running
",,
"Create Encrypted Throughput Optimized HDD (st1) Volume
with Valid KMSKeyARN
",Volume Creation - [Valid Scenerio],TC-MuliCloud-Block-132,"SODA Multi-Cloud Docker Containers Up & Running
",,
"Create Encrypted Throughput Optimized HDD (st1) Volume
with InValid KMSKeyARN
",Volume Creation - [InValid Scenerio],TC-MuliCloud-Block-133,"SODA Multi-Cloud Docker Containers Up & Running
",,
"Create Magnetic (standard) Volume
with the following conditions:

1 GiB >= size <= 1024 GiB
Valid Backend Id
Vaild AvailabiltyZone
With Description",Volume Creation - [Valid Scenerio],TC-MuliCloud-Block-134,"SODA Multi-Cloud Docker Containers Up & Running
",,
"Create Magnetic (standard) Volume
with the following conditions:

1 GiB >= size <= 1024 GiB
Valid Backend Id
Vaild AvailabiltyZone
Without Description",Volume Creation - [Valid Scenerio],TC-MuliCloud-Block-135,"SODA Multi-Cloud Docker Containers Up & Running
",,
"CreateMagnetic (standard) Volume 
with InValid/ Non-Existence Backend Id",Volume Creation - [InValid Scenerio],TC-MuliCloud-Block-136,"SODA Multi-Cloud Docker Containers Up & Running
",,
"Create Magnetic (standard) Volume 
with Non Block Type Backend",Volume Creation - [InValid Scenerio],TC-MuliCloud-Block-137,"SODA Multi-Cloud Docker Containers Up & Running
",,
"Create Magnetic (standard) Volume 
with Invalid Region in provided Backend",Volume Creation - [InValid Scenerio],TC-MuliCloud-Block-138,"SODA Multi-Cloud Docker Containers Up & Running
",,
"Create Magnetic (standard) Volume 
with Invalid AK in provided Backend",Volume Creation - [InValid Scenerio],TC-MuliCloud-Block-139,"SODA Multi-Cloud Docker Containers Up & Running
",,
"Create Magnetic (standard) Volume 
with Invalid SK in provided Backend",Volume Creation - [InValid Scenerio],TC-MuliCloud-Block-140,"SODA Multi-Cloud Docker Containers Up & Running
",,
"Create Magnetic (standard) Volume 
with Invalid AvailabilityZone",Volume Creation - [InValid Scenerio],TC-MuliCloud-Block-141,"SODA Multi-Cloud Docker Containers Up & Running
",,
"Create Magnetic (standard) Volume 
size < 500 GiB",Volume Creation - [InValid Scenerio],TC-MuliCloud-Block-142,"SODA Multi-Cloud Docker Containers Up & Running
",,
"Create Magnetic (standard) Volume
size > 1024 GiB",Volume Creation - [InValid Scenerio],TC-MuliCloud-Block-143,"SODA Multi-Cloud Docker Containers Up & Running
",,
"Create TMagnetic (standard) Volume
 with IOPS",Volume Creation - [Valid Scenerio],TC-MuliCloud-Block-144,"SODA Multi-Cloud Docker Containers Up & Running
",,
"Create Magnetic (standard) Volume
 with ThroughPuts",Volume Creation - [InValid Scenerio],TC-MuliCloud-Block-145,"SODA Multi-Cloud Docker Containers Up & Running
",,
"Create Magnetic (standard) Volume
with Tags with following condition 
Number of Tags upto 50 in Size
Length of Tag key is <= 128 
Length of Tag key is <=256",Volume Creation - [Valid Scenerio],TC-MuliCloud-Block-146,"SODA Multi-Cloud Docker Containers Up & Running
",,
"Create Magnetic (standard) Volume
with Tags with following condition 
Number of Tags upto 50 in Size
Length of Tag key is > 128 
Length of Tag key is <= 256",Volume Creation - [InValid Scenerio],TC-MuliCloud-Block-147,"SODA Multi-Cloud Docker Containers Up & Running
",,
"Create Magnetic (standard) Volume
with Tags with following condition 
Number of Tags upto 50 in Size
Length of Tag key is <= 128 
Length of Tag key is > 256",Volume Creation - [InValid Scenerio],TC-MuliCloud-Block-148,"SODA Multi-Cloud Docker Containers Up & Running
",,
"Create TMagnetic (standard) Volume
with Tags with following condition 
Number of Tags upto 50 in Size
Length of Tag key is > 128 
Length of Tag key is > 256",Volume Creation - [InValid Scenerio],TC-MuliCloud-Block-149,"SODA Multi-Cloud Docker Containers Up & Running
",,
"Create Magnetic (standard) Volume
with Tags with following condition 
Number of Tags > 50 in Size
Length of Tag key is <= 128 
Length of Tag key is <=256",Volume Creation - [InValid Scenerio],TC-MuliCloud-Block-150,"SODA Multi-Cloud Docker Containers Up & Running
",,
"Create Magnetic (standard) Volume
 Number of Tags > 50 in Size
Length of Tag key is > 128 
Length of Tag key is <=256",Volume Creation - [InValid Scenerio],TC-MuliCloud-Block-151,"SODA Multi-Cloud Docker Containers Up & Running
",,
"Create Magnetic (standard) Volume
 Number of Tags > 50 in Size
Length of Tag key is <= 128 
Length of Tag key is > 256",Volume Creation - [InValid Scenerio],TC-MuliCloud-Block-152,"SODA Multi-Cloud Docker Containers Up & Running
",,
"Create Magnetic (standard) Volume
 Number of Tags > 50 in Size
Length of Tag key is > 128 
Length of Tag key is > 256",Volume Creation - [InValid Scenerio],TC-MuliCloud-Block-153,"SODA Multi-Cloud Docker Containers Up & Running
",,
"Create Magnetic (standard) Volume
with Valid KMSKeyId
",Volume Creation - [Valid Scenerio],TC-MuliCloud-Block-154,"SODA Multi-Cloud Docker Containers Up & Running
",,
"Create Encrypted Magnetic (standard) Volume
with InValid KMSKeyId
",Volume Creation - [InValid Scenerio],TC-MuliCloud-Block-155,"SODA Multi-Cloud Docker Containers Up & Running
",,
"Create Encrypted Magnetic (standard) Volume
with Valid KMSKeyARN
",Volume Creation - [Valid Scenerio],TC-MuliCloud-Block-156,"SODA Multi-Cloud Docker Containers Up & Running
",,
"Create Encrypted Magnetic (standard) Volume
with InValid KMSKeyARN
",Volume Creation - [InValid Scenerio],TC-MuliCloud-Block-157,"SODA Multi-Cloud Docker Containers Up & Running
",,
List Volumes,Volume Listing - [Valid Scenerio],TC-MuliCloud-Block-158,"SODA Multi-Cloud Docker Containers Up & Running
",,
Get Volume for a valid VolumeId,Volume GET - [Valid Scenerio],TC-MuliCloud-Block-159,"SODA Multi-Cloud Docker Containers Up & Running
",,
Get Volume for a InValid VolumeId,Volume GET - [InValid Scenerio],TC-MuliCloud-Block-160,"SODA Multi-Cloud Docker Containers Up & Running
",,
Delete Volume for a valid VolumeId,Volume Deletion - [Valid Scenerio],TC-MuliCloud-Block-161,"SODA Multi-Cloud Docker Containers Up & Running
",,
Delete Volume for a Invalid VolumeId,Volume Deletion - [InValid Scenerio],TC-MuliCloud-Block-162,"SODA Multi-Cloud Docker Containers Up & Running
",,
"Update General Purpose SSD (gp2) Volume Size
1 GiB >= size <= 16384 GiB
With Description",Volume Updation - [Valid Scenerio],TC-MuliCloud-Block-163,"SODA Multi-Cloud Docker Containers Up & Running
",,
"Update General Purpose SSD (gp2) Volume Size
with 1 GiB >= size <= 16384 GiB
Without Description",Volume Updation - [Valid Scenerio],TC-MuliCloud-Block-164,"SODA Multi-Cloud Docker Containers Up & Running
",,
"Update General Purpose SSD (gp2) Volume Size
1 GiB >= size <= 16384 GiB
With Description
With Tags",Volume Updation - [Valid Scenerio],TC-MuliCloud-Block-165,"SODA Multi-Cloud Docker Containers Up & Running
",,
Update General Purpose SSD (gp2) Volume Size < 1 GiB,Volume Updation - [InValid Scenerio],TC-MuliCloud-Block-166,"SODA Multi-Cloud Docker Containers Up & Running
",,
Update General Purpose SSD (gp2) Volume Size > 16384 GiB,Volume Updation - [InValid Scenerio],TC-MuliCloud-Block-167,"SODA Multi-Cloud Docker Containers Up & Running
",,
"Update General Purpose SSD (gp2) Volume
with Tags with following condition 
Number of Tags upto 50 in Size
Length of Tag key is <= 128 
Length of Tag key is <=256",Volume Updation - [Valid Scenerio],TC-MuliCloud-Block-168,"SODA Multi-Cloud Docker Containers Up & Running
",,
"Update General Purpose SSD (gp2) Volume
with Tags with following condition 
Number of Tags upto 50 in Size
Length of Tag key is > 128 
Length of Tag key is <= 256",Volume Updation - [InValid Scenerio],TC-MuliCloud-Block-169,"SODA Multi-Cloud Docker Containers Up & Running
",,
"Update General Purpose SSD (gp2) Volume
with Tags with following condition 
Number of Tags upto 50 in Size
Length of Tag key is <= 128 
Length of Tag key is > 256",Volume Updation - [InValid Scenerio],TC-MuliCloud-Block-170,"SODA Multi-Cloud Docker Containers Up & Running
",,
"Update General Purpose SSD (gp2) Volume
with Tags with following condition 
Number of Tags upto 50 in Size
Length of Tag key is > 128 
Length of Tag key is > 256",Volume Updation - [InValid Scenerio],TC-MuliCloud-Block-171,"SODA Multi-Cloud Docker Containers Up & Running
",,
"Update General Purpose SSD (gp2) Volume
with Tags with following condition 
Number of Tags > 50 in Size
Length of Tag key is <= 128 
Length of Tag key is <=256",Volume Updation - [InValid Scenerio],TC-MuliCloud-Block-172,"SODA Multi-Cloud Docker Containers Up & Running
",,
"Update General Purpose SSD (gp2) Volume
 Number of Tags > 50 in Size
Length of Tag key is > 128 
Length of Tag key is <=256",Volume Updation - [InValid Scenerio],TC-MuliCloud-Block-173,"SODA Multi-Cloud Docker Containers Up & Running
",,
"Update General Purpose SSD (gp2) Volume
 Number of Tags > 50 in Size
Length of Tag key is <= 128 
Length of Tag key is > 256",Volume Updation - [InValid Scenerio],TC-MuliCloud-Block-174,"SODA Multi-Cloud Docker Containers Up & Running
",,
"Update General Purpose SSD (gp2) Volume
Number of Tags > 50 in Size
Length of Tag key is > 128 
Length of Tag key is > 256",Volume Updation - [InValid Scenerio],TC-MuliCloud-Block-175,"SODA Multi-Cloud Docker Containers Up & Running
",,
"Update General Purpose SSD (gp2) to Provisioned IOPS SSD (io1) Volume with following conditions:

1 GiB >= size <= 16384 GiB
100 >= IOPS <= 64000
With Description
",Volume Updation - [Valid Scenerio],TC-MuliCloud-Block-176,"SODA Multi-Cloud Docker Containers Up & Running
",,
"Update General Purpose SSD (gp2) to Provisioned IOPS SSD (io1) Volume with following conditions:

1 GiB >= size <= 16384 GiB
100 >= IOPS <= 64000
Without Description
",Volume Updation - [Valid Scenerio],TC-MuliCloud-Block-177,"SODA Multi-Cloud Docker Containers Up & Running
",,
"Update General Purpose SSD (gp2) to Provisioned IOPS SSD (io1) Volume with following conditions:

1 GiB >= size <= 16384 GiB
100 >= IOPS <= 64000
With Description
With Tags",Volume Updation - [Valid Scenerio],TC-MuliCloud-Block-178,"SODA Multi-Cloud Docker Containers Up & Running
",,
"Update General Purpose SSD (gp2) to Provisioned IOPS SSD (io1) Volume with Size < 1GiB
",Volume Updation - [InValid Scenerio],TC-MuliCloud-Block-179,"SODA Multi-Cloud Docker Containers Up & Running
",,
"Update General Purpose SSD (gp2) to Provisioned IOPS SSD (io1) Volume with Size > 16384 GiB
",Volume Updation - [InValid Scenerio],TC-MuliCloud-Block-180,"SODA Multi-Cloud Docker Containers Up & Running
",,
"Update General Purpose SSD (gp2) to Provisioned IOPS SSD (io1) Volume with IOPS < 100
",Volume Updation - [InValid Scenerio],TC-MuliCloud-Block-181,"SODA Multi-Cloud Docker Containers Up & Running
",,
"Update General Purpose SSD (gp2) to Provisioned IOPS SSD (io1) Volume with IOPS > 64000
",Volume Updation - [InValid Scenerio],TC-MuliCloud-Block-182,"SODA Multi-Cloud Docker Containers Up & Running
",,
"Update General Purpose SSD (gp2) to Provisioned IOPS SSD (io2) Volume with following conditions:

1 GiB >= size <= 16384 GiB
100 >= IOPS <= 64000
With Description
",Volume Updation - [Valid Scenerio],TC-MuliCloud-Block-183,"SODA Multi-Cloud Docker Containers Up & Running
",,
"Update General Purpose SSD (gp2) to Provisioned IOPS SSD (io2) Volume with following conditions:

1 GiB >= size <= 16384 GiB
100 >= IOPS <= 64000
Without Description
",Volume Updation - [Valid Scenerio],TC-MuliCloud-Block-184,"SODA Multi-Cloud Docker Containers Up & Running
",,
"Update General Purpose SSD (gp2) to Provisioned IOPS SSD (io2) Volume with following conditions:

1 GiB >= size <= 16384 GiB
100 >= IOPS <= 64000
With Description
With Tags",Volume Updation - [Valid Scenerio],TC-MuliCloud-Block-185,"SODA Multi-Cloud Docker Containers Up & Running
",,
"Update General Purpose SSD (gp2) to Provisioned IOPS SSD (io2) Volume with Size < 1GiB
",Volume Updation - [InValid Scenerio],TC-MuliCloud-Block-186,"SODA Multi-Cloud Docker Containers Up & Running
",,
"Update General Purpose SSD (gp2) to Provisioned IOPS SSD (io2) Volume with Size > 16384 GiB
",Volume Updation - [InValid Scenerio],TC-MuliCloud-Block-187,"SODA Multi-Cloud Docker Containers Up & Running
",,
"Update General Purpose SSD (gp2) to Provisioned IOPS SSD (io2) Volume with IOPS < 100
",Volume Updation - [InValid Scenerio],TC-MuliCloud-Block-188,"SODA Multi-Cloud Docker Containers Up & Running
",,
"Update General Purpose SSD (gp2) to Provisioned IOPS SSD (io2) Volume with IOPS > 64000
",Volume Updation - [InValid Scenerio],TC-MuliCloud-Block-189,"SODA Multi-Cloud Docker Containers Up & Running
",,
"Update General Purpose SSD (gp2) to Cold HDD (sc1) Volume with following conditions:

500 GiB >= size <= 16384 GiB
With Description",Volume Updation - [Valid Scenerio],TC-MuliCloud-Block-190,"SODA Multi-Cloud Docker Containers Up & Running
",,
"Update General Purpose SSD (gp2) to Cold HDD (sc1) Volume with following conditions:

500 GiB >= size <= 16384 GiB
Without Description
",Volume Updation - [Valid Scenerio],TC-MuliCloud-Block-191,"SODA Multi-Cloud Docker Containers Up & Running
",,
"Update General Purpose SSD (gp2) to Cold HDD (sc1) Volume with following conditions:

500 GiB >= size <= 16384 GiB
With Description
With Tags",Volume Updation - [Valid Scenerio],TC-MuliCloud-Block-192,"SODA Multi-Cloud Docker Containers Up & Running
",,
"Update General Purpose SSD (gp2) to Cold HDD (sc1) Volume with Size < 500 GiB
",Volume Updation - [InValid Scenerio],TC-MuliCloud-Block-193,"SODA Multi-Cloud Docker Containers Up & Running
",,
"Update General Purpose SSD (gp2) to Cold HDD (sc1) Volume with Size > 16384 GiB
",Volume Updation - [InValid Scenerio],TC-MuliCloud-Block-194,"SODA Multi-Cloud Docker Containers Up & Running
",,
"Update General Purpose SSD (gp2) to Cold HDD (sc1) Volume with IOPS
",Volume Updation - [InValid Scenerio],TC-MuliCloud-Block-195,"SODA Multi-Cloud Docker Containers Up & Running
",,
"Update General Purpose SSD (gp2) to Throughput Optimized (st1) Volume with following conditions:

500 GiB >= size <= 16384 GiB
With Description",Volume Updation - [Valid Scenerio],TC-MuliCloud-Block-196,"SODA Multi-Cloud Docker Containers Up & Running
",,
"Update General Purpose SSD (gp2) to Throughput Optimized (st1) Volume with following conditions:

500 GiB >= size <= 16384 GiB
Without Description
",Volume Updation - [Valid Scenerio],TC-MuliCloud-Block-197,"SODA Multi-Cloud Docker Containers Up & Running
",,
"Update General Purpose SSD (gp2) to Throughput Optimized (st1) Volume with following conditions:

500 GiB >= size <= 16384 GiB
With Description
With Tags",Volume Updation - [Valid Scenerio],TC-MuliCloud-Block-198,"SODA Multi-Cloud Docker Containers Up & Running
",,
"Update General Purpose SSD (gp2) to Throughput Optimized (st1) Volume with Size < 500 GiB
",Volume Updation - [InValid Scenerio],TC-MuliCloud-Block-199,"SODA Multi-Cloud Docker Containers Up & Running
",,
"Update General Purpose SSD (gp2) to Throughput Optimized (st1) Volume with Size > 16384 GiB
",Volume Updation - [InValid Scenerio],TC-MuliCloud-Block-200,"SODA Multi-Cloud Docker Containers Up & Running
",,
"Update General Purpose SSD (gp2) to Throughput Optimized (st1) Volume with IOPS
",Volume Updation - [InValid Scenerio],TC-MuliCloud-Block-201,"SODA Multi-Cloud Docker Containers Up & Running
",,
"Update General Purpose SSD (gp2) to Magnetic (standard) Volume with following conditions:

1 GiB >= size <= 16384 GiB
With Description",Volume Updation - [Valid Scenerio],TC-MuliCloud-Block-202,"SODA Multi-Cloud Docker Containers Up & Running
",,
"Update General Purpose SSD (gp2) to Magnetic (standard) Volume with following conditions:

1 GiB >= size <= 16384 GiB
Without Description
",Volume Updation - [Valid Scenerio],TC-MuliCloud-Block-203,"SODA Multi-Cloud Docker Containers Up & Running
",,
"Update General Purpose SSD (gp2) to  Magnetic (standard) Volume with following conditions:

1 GiB >= size <= 16384 GiB
With Description
With Tags",Volume Updation - [Valid Scenerio],TC-MuliCloud-Block-204,"SODA Multi-Cloud Docker Containers Up & Running
",,
"Update General Purpose SSD (gp2) to Magnetic (standard) Volume with Size < 1 GiB
",Volume Updation - [InValid Scenerio],TC-MuliCloud-Block-205,"SODA Multi-Cloud Docker Containers Up & Running
",,
"Update General Purpose SSD (gp2) to  Magnetic (standard) Volume with Size > 16384 GiB
",Volume Updation - [InValid Scenerio],TC-MuliCloud-Block-206,"SODA Multi-Cloud Docker Containers Up & Running
",,
"Update General Purpose SSD (gp2) to  Magnetic (standard) Volume with IOPS
",Volume Updation - [InValid Scenerio],TC-MuliCloud-Block-207,"SODA Multi-Cloud Docker Containers Up & Running
",,
"Update Provisioned IOPS SSD (io1) with the following conditions:

1 GiB >= size <= 16384 GiB
100 >= IOPS <= 64000
With Description",Volume Updation - [Valid Scenerio],TC-MuliCloud-Block-208,"SODA Multi-Cloud Docker Containers Up & Running
",,
"UpdateProvisioned IOPS SSD (io1) with the following conditions:

1 GiB >= size <= 16384 GiB
100 >= IOPS <= 64000
Without Description",Volume Updation - [Valid Scenerio],TC-MuliCloud-Block-209,"SODA Multi-Cloud Docker Containers Up & Running
",,
"Update Provisioned IOPS SSD (io1) with the following conditions:

1 GiB >= size <= 16384 GiB
100 >= IOPS <= 64000
With Description
With Tags",Volume Updation - [Valid Scenerio],TC-MuliCloud-Block-210,"SODA Multi-Cloud Docker Containers Up & Running
",,
Update Provisioned IOPS SSD (io1) Volume Size < 1 GiB,Volume Updation - [InValid Scenerio],TC-MuliCloud-Block-211,"SODA Multi-Cloud Docker Containers Up & Running
",,
Update Provisioned IOPS SSD (io1) Volume Size > 16384 GiB,Volume Updation - [InValid Scenerio],TC-MuliCloud-Block-212,"SODA Multi-Cloud Docker Containers Up & Running
",,
Update Provisioned IOPS SSD (io1) Volume IOPS < 100,Volume Updation - [InValid Scenerio],TC-MuliCloud-Block-213,"SODA Multi-Cloud Docker Containers Up & Running
",,
Update Provisioned IOPS SSD (io1) Volume Size > 64000,Volume Updation - [InValid Scenerio],TC-MuliCloud-Block-214,"SODA Multi-Cloud Docker Containers Up & Running
",,
"Update Provisioned IOPS SSD (io1) Volume
with Tags with following condition 
Number of Tags upto 50 in Size
Length of Tag key is <= 128 
Length of Tag key is <=256",Volume Updation - [Valid Scenerio],TC-MuliCloud-Block-215,"SODA Multi-Cloud Docker Containers Up & Running
",,
"Update Provisioned IOPS SSD (io1) Volume
with Tags with following condition 
Number of Tags upto 50 in Size
Length of Tag key is > 128 
Length of Tag key is <= 256",Volume Updation - [InValid Scenerio],TC-MuliCloud-Block-216,"SODA Multi-Cloud Docker Containers Up & Running
",,
"Update Provisioned IOPS SSD (io1) Volume
with Tags with following condition 
Number of Tags upto 50 in Size
Length of Tag key is <= 128 
Length of Tag key is > 256",Volume Updation - [InValid Scenerio],TC-MuliCloud-Block-217,"SODA Multi-Cloud Docker Containers Up & Running
",,
"Update Provisioned IOPS SSD (io1) Volume
with Tags with following condition 
Number of Tags upto 50 in Size
Length of Tag key is > 128 
Length of Tag key is > 256",Volume Updation - [InValid Scenerio],TC-MuliCloud-Block-218,"SODA Multi-Cloud Docker Containers Up & Running
",,
"Update Provisioned IOPS SSD (io1) Volume
with Tags with following condition 
Number of Tags > 50 in Size
Length of Tag key is <= 128 
Length of Tag key is <=256",Volume Updation - [InValid Scenerio],TC-MuliCloud-Block-219,"SODA Multi-Cloud Docker Containers Up & Running
",,
"Update Provisioned IOPS SSD (io1) Volume
 Number of Tags > 50 in Size
Length of Tag key is > 128 
Length of Tag key is <=256",Volume Updation - [InValid Scenerio],TC-MuliCloud-Block-220,"SODA Multi-Cloud Docker Containers Up & Running
",,
"Update Provisioned IOPS SSD (io1) Volume
 Number of Tags > 50 in Size
Length of Tag key is <= 128 
Length of Tag key is > 256",Volume Updation - [InValid Scenerio],TC-MuliCloud-Block-221,"SODA Multi-Cloud Docker Containers Up & Running
",,
"Update Provisioned IOPS SSD (io1) Volume
Number of Tags > 50 in Size
Length of Tag key is > 128 
Length of Tag key is > 256",Volume Updation - [InValid Scenerio],TC-MuliCloud-Block-222,"SODA Multi-Cloud Docker Containers Up & Running
",,
"Update Provisioned IOPS SSD (io1) to General Purpose SSD (gp2) Volume with following conditions:

1 GiB >= size <= 16384 GiB
With Description
With Tags",Volume Updation - [Valid Scenerio],TC-MuliCloud-Block-223,"SODA Multi-Cloud Docker Containers Up & Running
",,
"Update Provisioned IOPS SSD (io1) to General Purpose SSD (gp2) Volume with following conditions:

1 GiB >= size <= 16384 GiB
100 >= IOPS <= 64000
Without Description
",Volume Updation - [Valid Scenerio],TC-MuliCloud-Block-224,"SODA Multi-Cloud Docker Containers Up & Running
",,
"Update Provisioned IOPS SSD (io1) to General Purpose SSD (gp2) Volume with following conditions:

1 GiB >= size <= 16384 GiB
With Description
With Tags",Volume Updation - [Valid Scenerio],TC-MuliCloud-Block-225,"SODA Multi-Cloud Docker Containers Up & Running
",,
"Update Provisioned IOPS SSD (io1) to General Purpose SSD (gp2) Volume with Size < 1GiB
",Volume Updation - [InValid Scenerio],TC-MuliCloud-Block-226,"SODA Multi-Cloud Docker Containers Up & Running
",,
"Update Provisioned IOPS SSD (io1) to General Purpose SSD (gp2) Volume with Size > 16384 GiB
",Volume Updation - [InValid Scenerio],TC-MuliCloud-Block-227,"SODA Multi-Cloud Docker Containers Up & Running
",,
"Update Provisioned IOPS SSD (io1) to General Purpose SSD (gp2) Volume with IOPS
",Volume Updation - [InValid Scenerio],TC-MuliCloud-Block-228,"SODA Multi-Cloud Docker Containers Up & Running
",,
"Update Provisioned IOPS SSD (io1)  to Provisioned IOPS SSD (io2) Volume with following conditions:

1 GiB >= size <= 16384 GiB
100 >= IOPS <= 64000
With Description
",Volume Updation - [Valid Scenerio],TC-MuliCloud-Block-229,"SODA Multi-Cloud Docker Containers Up & Running
",,
"Update Provisioned IOPS SSD (io1)  to Provisioned IOPS SSD (io2) Volume with following conditions:

1 GiB >= size <= 16384 GiB
100 >= IOPS <= 64000
Without Description
",Volume Updation - [Valid Scenerio],TC-MuliCloud-Block-230,"SODA Multi-Cloud Docker Containers Up & Running
",,
"Update Provisioned IOPS SSD (io1)  to Provisioned IOPS SSD (io2) Volume with following conditions:

1 GiB >= size <= 16384 GiB
100 >= IOPS <= 64000
With Description
With Tags",Volume Updation - [Valid Scenerio],TC-MuliCloud-Block-231,"SODA Multi-Cloud Docker Containers Up & Running
",,
"Update Provisioned IOPS SSD (io1)  to Provisioned IOPS SSD (io2) Volume with Size < 1GiB
",Volume Updation - [InValid Scenerio],TC-MuliCloud-Block-232,"SODA Multi-Cloud Docker Containers Up & Running
",,
"Update Provisioned IOPS SSD (io1)  to Provisioned IOPS SSD (io2) Volume with Size > 16384 GiB
",Volume Updation - [InValid Scenerio],TC-MuliCloud-Block-233,"SODA Multi-Cloud Docker Containers Up & Running
",,
"Update Provisioned IOPS SSD (io1)  to Provisioned IOPS SSD (io2) Volume with IOPS < 100
",Volume Updation - [InValid Scenerio],TC-MuliCloud-Block-234,"SODA Multi-Cloud Docker Containers Up & Running
",,
"Update Provisioned IOPS SSD (io1)  to Provisioned IOPS SSD (io2) Volume with IOPS > 64000
",Volume Updation - [InValid Scenerio],TC-MuliCloud-Block-235,"SODA Multi-Cloud Docker Containers Up & Running
",,
"Update Provisioned IOPS SSD (io1)  to Cold HDD (sc1) Volume with following conditions:

500 GiB >= size <= 16384 GiB
With Description",Volume Updation - [Valid Scenerio],TC-MuliCloud-Block-236,"SODA Multi-Cloud Docker Containers Up & Running
",,
"Update Provisioned IOPS SSD (io1) to Cold HDD (sc1) Volume with following conditions:

500 GiB >= size <= 16384 GiB
Without Description
",Volume Updation - [Valid Scenerio],TC-MuliCloud-Block-237,"SODA Multi-Cloud Docker Containers Up & Running
",,
"Update Provisioned IOPS SSD (io1)  to Cold HDD (sc1) Volume with following conditions:

500 GiB >= size <= 16384 GiB
With Description
With Tags",Volume Updation - [Valid Scenerio],TC-MuliCloud-Block-238,"SODA Multi-Cloud Docker Containers Up & Running
",,
"Update Provisioned IOPS SSD (io1)  to Cold HDD (sc1) Volume with Size < 500 GiB
",Volume Updation - [InValid Scenerio],TC-MuliCloud-Block-239,"SODA Multi-Cloud Docker Containers Up & Running
",,
"Update Provisioned IOPS SSD (io1)  to Cold HDD (sc1) Volume with Size > 16384 GiB
",Volume Updation - [InValid Scenerio],TC-MuliCloud-Block-240,"SODA Multi-Cloud Docker Containers Up & Running
",,
"Update Provisioned IOPS SSD (io1)  to Cold HDD (sc1) Volume with IOPS
",Volume Updation - [InValid Scenerio],TC-MuliCloud-Block-241,"SODA Multi-Cloud Docker Containers Up & Running
",,
"Update Provisioned IOPS SSD (io1)  to Throughput Optimized (st1) Volume with following conditions:

500 GiB >= size <= 16384 GiB
With Description",Volume Updation - [Valid Scenerio],TC-MuliCloud-Block-242,"SODA Multi-Cloud Docker Containers Up & Running
",,
"Update Provisioned IOPS SSD (io1)  to Throughput Optimized (st1) Volume with following conditions:

500 GiB >= size <= 16384 GiB
Without Description
",Volume Updation - [Valid Scenerio],TC-MuliCloud-Block-243,"SODA Multi-Cloud Docker Containers Up & Running
",,
"Update Provisioned IOPS SSD (io1)  to Throughput Optimized (st1) Volume with following conditions:

500 GiB >= size <= 16384 GiB
With Description
With Tags",Volume Updation - [Valid Scenerio],TC-MuliCloud-Block-244,"SODA Multi-Cloud Docker Containers Up & Running
",,
"Update Provisioned IOPS SSD (io1)  to Throughput Optimized (st1) Volume with Size < 500 GiB
",Volume Updation - [InValid Scenerio],TC-MuliCloud-Block-245,"SODA Multi-Cloud Docker Containers Up & Running
",,
"Update Provisioned IOPS SSD (io1)  to Throughput Optimized (st1) Volume with Size > 16384 GiB
",Volume Updation - [InValid Scenerio],TC-MuliCloud-Block-246,"SODA Multi-Cloud Docker Containers Up & Running
",,
"Update Provisioned IOPS SSD (io1)  to Throughput Optimized (st1) Volume with IOPS
",Volume Updation - [InValid Scenerio],TC-MuliCloud-Block-247,"SODA Multi-Cloud Docker Containers Up & Running
",,
"Update Provisioned IOPS SSD (io1)  to Magnetic (standard) Volume with following conditions:

1 GiB >= size <= 16384 GiB
With Description",Volume Updation - [Valid Scenerio],TC-MuliCloud-Block-248,"SODA Multi-Cloud Docker Containers Up & Running
",,
"Update Provisioned IOPS SSD (io1)  to Magnetic (standard) Volume with following conditions:

1 GiB >= size <= 16384 GiB
Without Description
",Volume Updation - [Valid Scenerio],TC-MuliCloud-Block-249,"SODA Multi-Cloud Docker Containers Up & Running
",,
"Update Provisioned IOPS SSD (io1)  to  Magnetic (standard) Volume with following conditions:

1 GiB >= size <= 16384 GiB
With Description
With Tags",Volume Updation - [Valid Scenerio],TC-MuliCloud-Block-250,"SODA Multi-Cloud Docker Containers Up & Running
",,
"Update Provisioned IOPS SSD (io1)  to Magnetic (standard) Volume with Size < 1 GiB
",Volume Updation - [InValid Scenerio],TC-MuliCloud-Block-251,"SODA Multi-Cloud Docker Containers Up & Running
",,
"Update Provisioned IOPS SSD (io1) to  Magnetic (standard) Volume with Size > 16384 GiB
",Volume Updation - [InValid Scenerio],TC-MuliCloud-Block-252,"SODA Multi-Cloud Docker Containers Up & Running
",,
"Update Provisioned IOPS SSD (io1)  to  Magnetic (standard) Volume with IOPS
",Volume Updation - [InValid Scenerio],TC-MuliCloud-Block-253,"SODA Multi-Cloud Docker Containers Up & Running
",,
"Update Provisioned IOPS SSD (io2) with the following conditions:

1 GiB >= size <= 16384 GiB
100 >= IOPS <= 64000
With Description",Volume Updation - [Valid Scenerio],TC-MuliCloud-Block-254,"SODA Multi-Cloud Docker Containers Up & Running
",,
"UpdateProvisioned IOPS SSD (io2) with the following conditions:

1 GiB >= size <= 16384 GiB
100 >= IOPS <= 64000
Without Description",Volume Updation - [Valid Scenerio],TC-MuliCloud-Block-255,"SODA Multi-Cloud Docker Containers Up & Running
",,
"Update Provisioned IOPS SSD (io2) with the following conditions:

1 GiB >= size <= 16384 GiB
100 >= IOPS <= 64000
With Description
With Tags",Volume Updation - [Valid Scenerio],TC-MuliCloud-Block-256,"SODA Multi-Cloud Docker Containers Up & Running
",,
Update Provisioned IOPS SSD (io2) Volume Size < 1 GiB,Volume Updation - [InValid Scenerio],TC-MuliCloud-Block-257,"SODA Multi-Cloud Docker Containers Up & Running
",,
Update Provisioned IOPS SSD (io2) Volume Size > 16384 GiB,Volume Updation - [InValid Scenerio],TC-MuliCloud-Block-258,"SODA Multi-Cloud Docker Containers Up & Running
",,
Update Provisioned IOPS SSD (io2) Volume IOPS < 100,Volume Updation - [InValid Scenerio],TC-MuliCloud-Block-259,"SODA Multi-Cloud Docker Containers Up & Running
",,
Update Provisioned IOPS SSD (io2) Volume Size > 64000,Volume Updation - [InValid Scenerio],TC-MuliCloud-Block-260,"SODA Multi-Cloud Docker Containers Up & Running
",,
"Update Provisioned IOPS SSD (io2) Volume
with Tags with following condition 
Number of Tags upto 50 in Size
Length of Tag key is <= 128 
Length of Tag key is <=256",Volume Updation - [Valid Scenerio],TC-MuliCloud-Block-261,"SODA Multi-Cloud Docker Containers Up & Running
",,
"Update Provisioned IOPS SSD (io2) Volume
with Tags with following condition 
Number of Tags upto 50 in Size
Length of Tag key is > 128 
Length of Tag key is <= 256",Volume Updation - [InValid Scenerio],TC-MuliCloud-Block-262,"SODA Multi-Cloud Docker Containers Up & Running
",,
"Update Provisioned IOPS SSD (io2) Volume
with Tags with following condition 
Number of Tags upto 50 in Size
Length of Tag key is <= 128 
Length of Tag key is > 256",Volume Updation - [InValid Scenerio],TC-MuliCloud-Block-263,"SODA Multi-Cloud Docker Containers Up & Running
",,
"Update Provisioned IOPS SSD (io2) Volume
with Tags with following condition 
Number of Tags upto 50 in Size
Length of Tag key is > 128 
Length of Tag key is > 256",Volume Updation - [InValid Scenerio],TC-MuliCloud-Block-264,"SODA Multi-Cloud Docker Containers Up & Running
",,
"Update Provisioned IOPS SSD (io2) Volume
with Tags with following condition 
Number of Tags > 50 in Size
Length of Tag key is <= 128 
Length of Tag key is <=256",Volume Updation - [InValid Scenerio],TC-MuliCloud-Block-265,"SODA Multi-Cloud Docker Containers Up & Running
",,
"Update Provisioned IOPS SSD (io2) Volume
 Number of Tags > 50 in Size
Length of Tag key is > 128 
Length of Tag key is <=256",Volume Updation - [InValid Scenerio],TC-MuliCloud-Block-266,"SODA Multi-Cloud Docker Containers Up & Running
",,
"Update Provisioned IOPS SSD (io2) Volume
 Number of Tags > 50 in Size
Length of Tag key is <= 128 
Length of Tag key is > 256",Volume Updation - [InValid Scenerio],TC-MuliCloud-Block-267,"SODA Multi-Cloud Docker Containers Up & Running
",,
"Update Provisioned IOPS SSD (io2) Volume
Number of Tags > 50 in Size
Length of Tag key is > 128 
Length of Tag key is > 256",Volume Updation - [InValid Scenerio],TC-MuliCloud-Block-268,"SODA Multi-Cloud Docker Containers Up & Running
",,
"Update Provisioned IOPS SSD (io2) to General Purpose SSD (gp2) Volume with following conditions:

1 GiB >= size <= 16384 GiB
With Description
With Tags",Volume Updation - [Valid Scenerio],TC-MuliCloud-Block-269,"SODA Multi-Cloud Docker Containers Up & Running
",,
"Update Provisioned IOPS SSD (io2) to General Purpose SSD (gp2) Volume with following conditions:

1 GiB >= size <= 16384 GiB
100 >= IOPS <= 64000
Without Description
",Volume Updation - [Valid Scenerio],TC-MuliCloud-Block-270,"SODA Multi-Cloud Docker Containers Up & Running
",,
"Update Provisioned IOPS SSD (io2) to General Purpose SSD (gp2) Volume with following conditions:

1 GiB >= size <= 16384 GiB
With Description
With Tags",Volume Updation - [Valid Scenerio],TC-MuliCloud-Block-271,"SODA Multi-Cloud Docker Containers Up & Running
",,
"Update Provisioned IOPS SSD (io2) to General Purpose SSD (gp2) Volume with Size < 1GiB
",Volume Updation - [InValid Scenerio],TC-MuliCloud-Block-272,"SODA Multi-Cloud Docker Containers Up & Running
",,
"Update Provisioned IOPS SSD (io2) to General Purpose SSD (gp2) Volume with Size > 16384 GiB
",Volume Updation - [InValid Scenerio],TC-MuliCloud-Block-273,"SODA Multi-Cloud Docker Containers Up & Running
",,
"Update Provisioned IOPS SSD (io2) to General Purpose SSD (gp2) Volume with IOPS
",Volume Updation - [InValid Scenerio],TC-MuliCloud-Block-274,"SODA Multi-Cloud Docker Containers Up & Running
",,
"Update Provisioned IOPS SSD (io2)  to Provisioned IOPS SSD (io1) Volume with following conditions:

1 GiB >= size <= 16384 GiB
100 >= IOPS <= 64000
With Description
",Volume Updation - [Valid Scenerio],TC-MuliCloud-Block-275,"SODA Multi-Cloud Docker Containers Up & Running
",,
"Update Provisioned IOPS SSD (io2)  to Provisioned IOPS SSD (io1) Volume with following conditions:

1 GiB >= size <= 16384 GiB
100 >= IOPS <= 64000
Without Description
",Volume Updation - [Valid Scenerio],TC-MuliCloud-Block-276,"SODA Multi-Cloud Docker Containers Up & Running
",,
"Update Provisioned IOPS SSD (io2)  to Provisioned IOPS SSD (io1) Volume with following conditions:

1 GiB >= size <= 16384 GiB
100 >= IOPS <= 64000
With Description
With Tags",Volume Updation - [Valid Scenerio],TC-MuliCloud-Block-277,"SODA Multi-Cloud Docker Containers Up & Running
",,
"Update Provisioned IOPS SSD (io2)  to Provisioned IOPS SSD (io1) Volume with Size < 1GiB
",Volume Updation - [InValid Scenerio],TC-MuliCloud-Block-278,"SODA Multi-Cloud Docker Containers Up & Running
",,
"Update Provisioned IOPS SSD (io2)  to Provisioned IOPS SSD (io1) Volume with Size > 16384 GiB
",Volume Updation - [InValid Scenerio],TC-MuliCloud-Block-279,"SODA Multi-Cloud Docker Containers Up & Running
",,
"Update Provisioned IOPS SSD (io2)  to Provisioned IOPS SSD (io1) Volume with IOPS < 100
",Volume Updation - [InValid Scenerio],TC-MuliCloud-Block-280,"SODA Multi-Cloud Docker Containers Up & Running
",,
"Update Provisioned IOPS SSD (io2)  to Provisioned IOPS SSD (io1) Volume with IOPS > 64000
",Volume Updation - [InValid Scenerio],TC-MuliCloud-Block-281,"SODA Multi-Cloud Docker Containers Up & Running
",,
"Update Provisioned IOPS SSD (io2)  to Cold HDD (sc1) Volume with following conditions:

500 GiB >= size <= 16384 GiB
With Description",Volume Updation - [Valid Scenerio],TC-MuliCloud-Block-282,"SODA Multi-Cloud Docker Containers Up & Running
",,
"Update Provisioned IOPS SSD (io2) to Cold HDD (sc1) Volume with following conditions:

500 GiB >= size <= 16384 GiB
Without Description
",Volume Updation - [Valid Scenerio],TC-MuliCloud-Block-283,"SODA Multi-Cloud Docker Containers Up & Running
",,
"Update Provisioned IOPS SSD (io2)  to Cold HDD (sc1) Volume with following conditions:

500 GiB >= size <= 16384 GiB
With Description
With Tags",Volume Updation - [Valid Scenerio],TC-MuliCloud-Block-284,"SODA Multi-Cloud Docker Containers Up & Running
",,
"Update Provisioned IOPS SSD (io2)  to Cold HDD (sc1) Volume with Size < 500 GiB
",Volume Updation - [InValid Scenerio],TC-MuliCloud-Block-285,"SODA Multi-Cloud Docker Containers Up & Running
",,
"Update Provisioned IOPS SSD (io2)  to Cold HDD (sc1) Volume with Size > 16384 GiB
",Volume Updation - [InValid Scenerio],TC-MuliCloud-Block-286,"SODA Multi-Cloud Docker Containers Up & Running
",,
"Update Provisioned IOPS SSD (io2)  to Cold HDD (sc1) Volume with IOPS
",Volume Updation - [InValid Scenerio],TC-MuliCloud-Block-287,"SODA Multi-Cloud Docker Containers Up & Running
",,
"Update Provisioned IOPS SSD (io2)  to Throughput Optimized (st1) Volume with following conditions:

500 GiB >= size <= 16384 GiB
With Description",Volume Updation - [Valid Scenerio],TC-MuliCloud-Block-288,"SODA Multi-Cloud Docker Containers Up & Running
",,
"Update Provisioned IOPS SSD (io2)  to Throughput Optimized (st1) Volume with following conditions:

500 GiB >= size <= 16384 GiB
Without Description
",Volume Updation - [Valid Scenerio],TC-MuliCloud-Block-289,"SODA Multi-Cloud Docker Containers Up & Running
",,
"Update Provisioned IOPS SSD (io2)  to Throughput Optimized (st1) Volume with following conditions:

500 GiB >= size <= 16384 GiB
With Description
With Tags",Volume Updation - [Valid Scenerio],TC-MuliCloud-Block-290,"SODA Multi-Cloud Docker Containers Up & Running
",,
"Update Provisioned IOPS SSD (io2)  to Throughput Optimized (st1) Volume with Size < 500 GiB
",Volume Updation - [InValid Scenerio],TC-MuliCloud-Block-291,"SODA Multi-Cloud Docker Containers Up & Running
",,
"Update Provisioned IOPS SSD (io2)  to Throughput Optimized (st1) Volume with Size > 16384 GiB
",Volume Updation - [InValid Scenerio],TC-MuliCloud-Block-292,"SODA Multi-Cloud Docker Containers Up & Running
",,
"Update Provisioned IOPS SSD (io2)  to Throughput Optimized (st1) Volume with IOPS
",Volume Updation - [InValid Scenerio],TC-MuliCloud-Block-293,"SODA Multi-Cloud Docker Containers Up & Running
",,
"Update Provisioned IOPS SSD (io2)  to Magnetic (standard) Volume with following conditions:

1 GiB >= size <= 16384 GiB
With Description",Volume Updation - [Valid Scenerio],TC-MuliCloud-Block-294,"SODA Multi-Cloud Docker Containers Up & Running
",,
"Update Provisioned IOPS SSD (io2)  to Magnetic (standard) Volume with following conditions:

1 GiB >= size <= 16384 GiB
Without Description
",Volume Updation - [Valid Scenerio],TC-MuliCloud-Block-295,"SODA Multi-Cloud Docker Containers Up & Running
",,
"Update Provisioned IOPS SSD (io2)  to  Magnetic (standard) Volume with following conditions:

1 GiB >= size <= 16384 GiB
With Description
With Tags",Volume Updation - [Valid Scenerio],TC-MuliCloud-Block-296,"SODA Multi-Cloud Docker Containers Up & Running
",,
"Update Provisioned IOPS SSD (io2)  to Magnetic (standard) Volume with Size < 1 GiB
",Volume Updation - [InValid Scenerio],TC-MuliCloud-Block-297,"SODA Multi-Cloud Docker Containers Up & Running
",,
"Update Provisioned IOPS SSD (io2) to  Magnetic (standard) Volume with Size > 16384 GiB
",Volume Updation - [InValid Scenerio],TC-MuliCloud-Block-298,"SODA Multi-Cloud Docker Containers Up & Running
",,
"Update Provisioned IOPS SSD (io2)  to  Magnetic (standard) Volume with IOPS
",Volume Updation - [InValid Scenerio],TC-MuliCloud-Block-299,"SODA Multi-Cloud Docker Containers Up & Running
",,
"Update Cold HDD (sc1) Volume Size
500 GiB >= size <= 16384 GiB
With Description",Volume Updation - [Valid Scenerio],TC-MuliCloud-Block-300,"SODA Multi-Cloud Docker Containers Up & Running
",,
"Update Cold HDD (sc1) Volume Size
with 500 GiB >= size <= 16384 GiB
Without Description",Volume Updation - [Valid Scenerio],TC-MuliCloud-Block-301,"SODA Multi-Cloud Docker Containers Up & Running
",,
"Update Cold HDD (sc1) Volume Size
500 GiB >= size <= 16384 GiB
With Description
With Tags",Volume Updation - [Valid Scenerio],TC-MuliCloud-Block-302,"SODA Multi-Cloud Docker Containers Up & Running
",,
Update Cold HDD (sc1) Volume Size < 500 GiB,Volume Updation - [InValid Scenerio],TC-MuliCloud-Block-303,"SODA Multi-Cloud Docker Containers Up & Running
",,
Update Cold HDD (sc1) Volume Size > 16384 GiB,Volume Updation - [InValid Scenerio],TC-MuliCloud-Block-304,"SODA Multi-Cloud Docker Containers Up & Running
",,
"Update Cold HDD (sc1) Volume
with Tags with following condition 
Number of Tags upto 50 in Size
Length of Tag key is <= 128 
Length of Tag key is <=256",Volume Updation - [Valid Scenerio],TC-MuliCloud-Block-305,"SODA Multi-Cloud Docker Containers Up & Running
",,
"Update Cold HDD (sc1) Volume
with Tags with following condition 
Number of Tags upto 50 in Size
Length of Tag key is > 128 
Length of Tag key is <= 256",Volume Updation - [InValid Scenerio],TC-MuliCloud-Block-306,"SODA Multi-Cloud Docker Containers Up & Running
",,
"Update Cold HDD (sc1) Volume
with Tags with following condition 
Number of Tags upto 50 in Size
Length of Tag key is <= 128 
Length of Tag key is > 256",Volume Updation - [InValid Scenerio],TC-MuliCloud-Block-307,"SODA Multi-Cloud Docker Containers Up & Running
",,
"Update Cold HDD (sc1) Volume
with Tags with following condition 
Number of Tags upto 50 in Size
Length of Tag key is > 128 
Length of Tag key is > 256",Volume Updation - [InValid Scenerio],TC-MuliCloud-Block-308,"SODA Multi-Cloud Docker Containers Up & Running
",,
"Update Cold HDD (sc1) Volume
with Tags with following condition 
Number of Tags > 50 in Size
Length of Tag key is <= 128 
Length of Tag key is <=256",Volume Updation - [InValid Scenerio],TC-MuliCloud-Block-309,"SODA Multi-Cloud Docker Containers Up & Running
",,
"Update Cold HDD (sc1) Volume
 Number of Tags > 50 in Size
Length of Tag key is > 128 
Length of Tag key is <=256",Volume Updation - [InValid Scenerio],TC-MuliCloud-Block-310,"SODA Multi-Cloud Docker Containers Up & Running
",,
"Update Cold HDD (sc1) Volume
 Number of Tags > 50 in Size
Length of Tag key is <= 128 
Length of Tag key is > 256",Volume Updation - [InValid Scenerio],TC-MuliCloud-Block-311,"SODA Multi-Cloud Docker Containers Up & Running
",,
"Update Cold HDD (sc1) Volume
Number of Tags > 50 in Size
Length of Tag key is > 128 
Length of Tag key is > 256",Volume Updation - [InValid Scenerio],TC-MuliCloud-Block-312,"SODA Multi-Cloud Docker Containers Up & Running
",,
"Update Cold HDD (sc1) to Provisioned IOPS SSD (io1) Volume with following conditions:

1 GiB >= size <= 16384 GiB
100 >= IOPS <= 64000
With Description
",Volume Updation - [Valid Scenerio],TC-MuliCloud-Block-313,"SODA Multi-Cloud Docker Containers Up & Running
",,
"Update Cold HDD (sc1) to Provisioned IOPS SSD (io1) Volume with following conditions:

1 GiB >= size <= 16384 GiB
100 >= IOPS <= 64000
Without Description
",Volume Updation - [Valid Scenerio],TC-MuliCloud-Block-314,"SODA Multi-Cloud Docker Containers Up & Running
",,
"UpdateCold HDD (sc1) to Provisioned IOPS SSD (io1) Volume with following conditions:

1 GiB >= size <= 16384 GiB
100 >= IOPS <= 64000
With Description
With Tags",Volume Updation - [Valid Scenerio],TC-MuliCloud-Block-315,"SODA Multi-Cloud Docker Containers Up & Running
",,
"Update Cold HDD (sc1) to Provisioned IOPS SSD (io1) Volume with Size < 1GiB
",Volume Updation - [InValid Scenerio],TC-MuliCloud-Block-316,"SODA Multi-Cloud Docker Containers Up & Running
",,
"Update Cold HDD (sc1) to Provisioned IOPS SSD (io1) Volume with Size > 16384 GiB
",Volume Updation - [InValid Scenerio],TC-MuliCloud-Block-317,"SODA Multi-Cloud Docker Containers Up & Running
",,
"Update Cold HDD (sc1) to Provisioned IOPS SSD (io1) Volume with IOPS < 100
",Volume Updation - [InValid Scenerio],TC-MuliCloud-Block-318,"SODA Multi-Cloud Docker Containers Up & Running
",,
"Update Cold HDD (sc1) to Provisioned IOPS SSD (io1) Volume with IOPS > 64000
",Volume Updation - [InValid Scenerio],TC-MuliCloud-Block-319,"SODA Multi-Cloud Docker Containers Up & Running
",,
"Update Cold HDD (sc1) to Provisioned IOPS SSD (io2) Volume with following conditions:

1 GiB >= size <= 16384 GiB
100 >= IOPS <= 64000
With Description
",Volume Updation - [Valid Scenerio],TC-MuliCloud-Block-320,"SODA Multi-Cloud Docker Containers Up & Running
",,
"Update Cold HDD (sc1) to Provisioned IOPS SSD (io2) Volume with following conditions:

1 GiB >= size <= 16384 GiB
100 >= IOPS <= 64000
Without Description
",Volume Updation - [Valid Scenerio],TC-MuliCloud-Block-321,"SODA Multi-Cloud Docker Containers Up & Running
",,
"Update Cold HDD (sc1) to Provisioned IOPS SSD (io2) Volume with following conditions:

1 GiB >= size <= 16384 GiB
100 >= IOPS <= 64000
With Description
With Tags",Volume Updation - [Valid Scenerio],TC-MuliCloud-Block-322,"SODA Multi-Cloud Docker Containers Up & Running
",,
"Update Cold HDD (sc1) to Provisioned IOPS SSD (io2) Volume with Size < 1GiB
",Volume Updation - [InValid Scenerio],TC-MuliCloud-Block-323,"SODA Multi-Cloud Docker Containers Up & Running
",,
"Update Cold HDD (sc1) to Provisioned IOPS SSD (io2) Volume with Size > 16384 GiB
",Volume Updation - [InValid Scenerio],TC-MuliCloud-Block-324,"SODA Multi-Cloud Docker Containers Up & Running
",,
"Update Cold HDD (sc1) to Provisioned IOPS SSD (io2) Volume with IOPS < 100
",Volume Updation - [InValid Scenerio],TC-MuliCloud-Block-325,"SODA Multi-Cloud Docker Containers Up & Running
",,
"Update Cold HDD (sc1) to Provisioned IOPS SSD (io2) Volume with IOPS > 64000
",Volume Updation - [InValid Scenerio],TC-MuliCloud-Block-326,"SODA Multi-Cloud Docker Containers Up & Running
",,
"Update Cold HDD (sc1) to General Purpose SSD (gp2) Volume with following conditions:

1 GiB >= size <= 16384 GiB
With Description",Volume Updation - [Valid Scenerio],TC-MuliCloud-Block-327,"SODA Multi-Cloud Docker Containers Up & Running
",,
"Update Cold HDD (sc1) to General Purpose SSD (gp2) Volume with following conditions:

1 GiB >= size <= 16384 GiB
Without Description
",Volume Updation - [Valid Scenerio],TC-MuliCloud-Block-328,"SODA Multi-Cloud Docker Containers Up & Running
",,
"Update Cold HDD (sc1) to General Purpose SSD (gp2) Volume with following conditions:

1 GiB >= size <= 16384 GiB
With Description
With Tags",Volume Updation - [Valid Scenerio],TC-MuliCloud-Block-329,"SODA Multi-Cloud Docker Containers Up & Running
",,
"Update Cold HDD (sc1) to General Purpose SSD (gp2) Volume with Size < 500 GiB
",Volume Updation - [InValid Scenerio],TC-MuliCloud-Block-330,"SODA Multi-Cloud Docker Containers Up & Running
",,
"Update Cold HDD (sc1) to General Purpose SSD (gp2) Volume with Size > 16384 GiB
",Volume Updation - [InValid Scenerio],TC-MuliCloud-Block-331,"SODA Multi-Cloud Docker Containers Up & Running
",,
"Update Cold HDD (sc1) to Cold HDD (sc1) Volume with IOPS
",Volume Updation - [InValid Scenerio],TC-MuliCloud-Block-332,"SODA Multi-Cloud Docker Containers Up & Running
",,
"Update Cold HDD (sc1) to Throughput Optimized (st1) Volume with following conditions:

500 GiB >= size <= 16384 GiB
With Description",Volume Updation - [Valid Scenerio],TC-MuliCloud-Block-333,"SODA Multi-Cloud Docker Containers Up & Running
",,
"Update Cold HDD (sc1) to Throughput Optimized (st1) Volume with following conditions:

500 GiB >= size <= 16384 GiB
Without Description
",Volume Updation - [Valid Scenerio],TC-MuliCloud-Block-334,"SODA Multi-Cloud Docker Containers Up & Running
",,
"Update Cold HDD (sc1) to Throughput Optimized (st1) Volume with following conditions:

500 GiB >= size <= 16384 GiB
With Description
With Tags",Volume Updation - [Valid Scenerio],TC-MuliCloud-Block-335,"SODA Multi-Cloud Docker Containers Up & Running
",,
"Update Cold HDD (sc1) to Throughput Optimized (st1) Volume with Size < 500 GiB
",Volume Updation - [InValid Scenerio],TC-MuliCloud-Block-336,"SODA Multi-Cloud Docker Containers Up & Running
",,
"Update Cold HDD (sc1) to Throughput Optimized (st1) Volume with Size > 16384 GiB
",Volume Updation - [InValid Scenerio],TC-MuliCloud-Block-337,"SODA Multi-Cloud Docker Containers Up & Running
",,
"Update Cold HDD (sc1) to Throughput Optimized (st1) Volume with IOPS
",Volume Updation - [InValid Scenerio],TC-MuliCloud-Block-338,"SODA Multi-Cloud Docker Containers Up & Running
",,
"Update Cold HDD (sc1) to Magnetic (standard) Volume with following conditions:

1 GiB >= size <= 16384 GiB
With Description",Volume Updation - [Valid Scenerio],TC-MuliCloud-Block-339,"SODA Multi-Cloud Docker Containers Up & Running
",,
"Update Cold HDD (sc1) to Magnetic (standard) Volume with following conditions:

1 GiB >= size <= 16384 GiB
Without Description
",Volume Updation - [Valid Scenerio],TC-MuliCloud-Block-340,"SODA Multi-Cloud Docker Containers Up & Running
",,
"Update Cold HDD (sc1) to  Magnetic (standard) Volume with following conditions:

1 GiB >= size <= 16384 GiB
With Description
With Tags",Volume Updation - [Valid Scenerio],TC-MuliCloud-Block-341,"SODA Multi-Cloud Docker Containers Up & Running
",,
"Update Cold HDD (sc1) to Magnetic (standard) Volume with Size < 1 GiB
",Volume Updation - [InValid Scenerio],TC-MuliCloud-Block-342,"SODA Multi-Cloud Docker Containers Up & Running
",,
"Update Cold HDD (sc1)to  Magnetic (standard) Volume with Size > 16384 GiB
",Volume Updation - [InValid Scenerio],TC-MuliCloud-Block-343,"SODA Multi-Cloud Docker Containers Up & Running
",,
"Update Cold HDD (sc1) to  Magnetic (standard) Volume with IOPS
",Volume Updation - [InValid Scenerio],TC-MuliCloud-Block-344,"SODA Multi-Cloud Docker Containers Up & Running
",,
"Update Throughput Optimized HDD (st1) Volume Size
500 GiB >= size <= 16384 GiB
With Description",Volume Updation - [Valid Scenerio],TC-MuliCloud-Block-345,"SODA Multi-Cloud Docker Containers Up & Running
",,
"Update Throughput Optimized HDD (st1) Volume Size
with 500 GiB >= size <= 16384 GiB
Without Description",Volume Updation - [Valid Scenerio],TC-MuliCloud-Block-346,"SODA Multi-Cloud Docker Containers Up & Running
",,
"Update Throughput Optimized HDD (st1) Volume Size
500 GiB >= size <= 16384 GiB
With Description
With Tags",Volume Updation - [Valid Scenerio],TC-MuliCloud-Block-347,"SODA Multi-Cloud Docker Containers Up & Running
",,
Update Throughput Optimized HDD (st1) Volume Size < 500 GiB,Volume Updation - [InValid Scenerio],TC-MuliCloud-Block-348,"SODA Multi-Cloud Docker Containers Up & Running
",,
Update Throughput Optimized HDD (st1) Volume Size > 16384 GiB,Volume Updation - [InValid Scenerio],TC-MuliCloud-Block-349,"SODA Multi-Cloud Docker Containers Up & Running
",,
"Update Throughput Optimized HDD (st1) Volume
with Tags with following condition 
Number of Tags upto 50 in Size
Length of Tag key is <= 128 
Length of Tag key is <=256",Volume Updation - [Valid Scenerio],TC-MuliCloud-Block-350,"SODA Multi-Cloud Docker Containers Up & Running
",,
"Update Throughput Optimized HDD (st1) Volume
with Tags with following condition 
Number of Tags upto 50 in Size
Length of Tag key is > 128 
Length of Tag key is <= 256",Volume Updation - [InValid Scenerio],TC-MuliCloud-Block-351,"SODA Multi-Cloud Docker Containers Up & Running
",,
"Update Throughput Optimized HDD (st1) Volume
with Tags with following condition 
Number of Tags upto 50 in Size
Length of Tag key is <= 128 
Length of Tag key is > 256",Volume Updation - [InValid Scenerio],TC-MuliCloud-Block-352,"SODA Multi-Cloud Docker Containers Up & Running
",,
"Update Throughput Optimized HDD (st1) Volume
with Tags with following condition 
Number of Tags upto 50 in Size
Length of Tag key is > 128 
Length of Tag key is > 256",Volume Updation - [InValid Scenerio],TC-MuliCloud-Block-353,"SODA Multi-Cloud Docker Containers Up & Running
",,
"Update Throughput Optimized HDD (st1) Volume
with Tags with following condition 
Number of Tags > 50 in Size
Length of Tag key is <= 128 
Length of Tag key is <=256",Volume Updation - [InValid Scenerio],TC-MuliCloud-Block-354,"SODA Multi-Cloud Docker Containers Up & Running
",,
"Update Throughput Optimized HDD (st1) Volume
 Number of Tags > 50 in Size
Length of Tag key is > 128 
Length of Tag key is <=256",Volume Updation - [InValid Scenerio],TC-MuliCloud-Block-355,"SODA Multi-Cloud Docker Containers Up & Running
",,
"Update Throughput Optimized HDD (st1) Volume
 Number of Tags > 50 in Size
Length of Tag key is <= 128 
Length of Tag key is > 256",Volume Updation - [InValid Scenerio],TC-MuliCloud-Block-356,"SODA Multi-Cloud Docker Containers Up & Running
",,
"Update Throughput Optimized HDD (st1) Volume
Number of Tags > 50 in Size
Length of Tag key is > 128 
Length of Tag key is > 256",Volume Updation - [InValid Scenerio],TC-MuliCloud-Block-357,"SODA Multi-Cloud Docker Containers Up & Running
",,
"Update Throughput Optimized HDD (st1) to Provisioned IOPS SSD (io1) Volume with following conditions:

1 GiB >= size <= 16384 GiB
100 >= IOPS <= 64000
With Description
",Volume Updation - [Valid Scenerio],TC-MuliCloud-Block-358,"SODA Multi-Cloud Docker Containers Up & Running
",,
"Update Throughput Optimized HDD (st1) to Provisioned IOPS SSD (io1) Volume with following conditions:

1 GiB >= size <= 16384 GiB
100 >= IOPS <= 64000
Without Description
",Volume Updation - [Valid Scenerio],TC-MuliCloud-Block-359,"SODA Multi-Cloud Docker Containers Up & Running
",,
"Update Throughput Optimized HDD (st1) to Provisioned IOPS SSD (io1) Volume with following conditions:

1 GiB >= size <= 16384 GiB
100 >= IOPS <= 64000
With Description
With Tags",Volume Updation - [Valid Scenerio],TC-MuliCloud-Block-360,"SODA Multi-Cloud Docker Containers Up & Running
",,
"Update Throughput Optimized HDD (st1) to Provisioned IOPS SSD (io1) Volume with Size < 1GiB
",Volume Updation - [InValid Scenerio],TC-MuliCloud-Block-361,"SODA Multi-Cloud Docker Containers Up & Running
",,
"Update Throughput Optimized HDD (st1) to Provisioned IOPS SSD (io1) Volume with Size > 16384 GiB
",Volume Updation - [InValid Scenerio],TC-MuliCloud-Block-362,"SODA Multi-Cloud Docker Containers Up & Running
",,
"Update Throughput Optimized HDD (st1) to Provisioned IOPS SSD (io1) Volume with IOPS < 100
",Volume Updation - [InValid Scenerio],TC-MuliCloud-Block-363,"SODA Multi-Cloud Docker Containers Up & Running
",,
"Update Throughput Optimized HDD (st1) to Provisioned IOPS SSD (io1) Volume with IOPS > 64000
",Volume Updation - [InValid Scenerio],TC-MuliCloud-Block-364,"SODA Multi-Cloud Docker Containers Up & Running
",,
"Update Throughput Optimized HDD (st1) to Provisioned IOPS SSD (io2) Volume with following conditions:

1 GiB >= size <= 16384 GiB
100 >= IOPS <= 64000
With Description
",Volume Updation - [Valid Scenerio],TC-MuliCloud-Block-365,"SODA Multi-Cloud Docker Containers Up & Running
",,
"Update Throughput Optimized HDD (st1) to Provisioned IOPS SSD (io2) Volume with following conditions:

1 GiB >= size <= 16384 GiB
100 >= IOPS <= 64000
Without Description
",Volume Updation - [Valid Scenerio],TC-MuliCloud-Block-366,"SODA Multi-Cloud Docker Containers Up & Running
",,
"Update Throughput Optimized HDD (st1) to Provisioned IOPS SSD (io2) Volume with following conditions:

1 GiB >= size <= 16384 GiB
100 >= IOPS <= 64000
With Description
With Tags",Volume Updation - [Valid Scenerio],TC-MuliCloud-Block-367,"SODA Multi-Cloud Docker Containers Up & Running
",,
"Update Throughput Optimized HDD (st1) to Provisioned IOPS SSD (io2) Volume with Size < 1GiB
",Volume Updation - [InValid Scenerio],TC-MuliCloud-Block-368,"SODA Multi-Cloud Docker Containers Up & Running
",,
"Update Throughput Optimized HDD (st1) to Provisioned IOPS SSD (io2) Volume with Size > 16384 GiB
",Volume Updation - [InValid Scenerio],TC-MuliCloud-Block-369,"SODA Multi-Cloud Docker Containers Up & Running
",,
"Update Throughput Optimized HDD (st1) to Provisioned IOPS SSD (io2) Volume with IOPS < 100
",Volume Updation - [InValid Scenerio],TC-MuliCloud-Block-370,"SODA Multi-Cloud Docker Containers Up & Running
",,
"Update Throughput Optimized HDD (st1) to Provisioned IOPS SSD (io2) Volume with IOPS > 64000
",Volume Updation - [InValid Scenerio],TC-MuliCloud-Block-371,"SODA Multi-Cloud Docker Containers Up & Running
",,
"Update Throughput Optimized HDD (st1) to General Purpose SSD (gp2) Volume with following conditions:

1 GiB >= size <= 16384 GiB
With Description",Volume Updation - [Valid Scenerio],TC-MuliCloud-Block-372,"SODA Multi-Cloud Docker Containers Up & Running
",,
"Update Throughput Optimized HDD (st1) to General Purpose SSD (gp2) Volume with following conditions:

1 GiB >= size <= 16384 GiB
Without Description
",Volume Updation - [Valid Scenerio],TC-MuliCloud-Block-373,"SODA Multi-Cloud Docker Containers Up & Running
",,
"Update Throughput Optimized HDD (st1) to General Purpose SSD (gp2) Volume with following conditions:

1 GiB >= size <= 16384 GiB
With Description
With Tags",Volume Updation - [Valid Scenerio],TC-MuliCloud-Block-374,"SODA Multi-Cloud Docker Containers Up & Running
",,
"Update Throughput Optimized HDD (st1) to General Purpose SSD (gp2) Volume with Size < 500 GiB
",Volume Updation - [InValid Scenerio],TC-MuliCloud-Block-375,"SODA Multi-Cloud Docker Containers Up & Running
",,
"UpdateThroughput Optimized HDD (st1) to General Purpose SSD (gp2) Volume with Size > 16384 GiB
",Volume Updation - [InValid Scenerio],TC-MuliCloud-Block-376,"SODA Multi-Cloud Docker Containers Up & Running
",,
"Update Throughput Optimized HDD (st1) to Cold HDD (sc1) Volume with IOPS
",Volume Updation - [InValid Scenerio],TC-MuliCloud-Block-377,"SODA Multi-Cloud Docker Containers Up & Running
",,
"Update Throughput Optimized HDD (st1) to Cold HDD (sc1) Volume with following conditions:

500 GiB >= size <= 16384 GiB
With Description",Volume Updation - [Valid Scenerio],TC-MuliCloud-Block-378,"SODA Multi-Cloud Docker Containers Up & Running
",,
"Update Throughput Optimized HDD (st1) to Cold HDD (sc1) Volume with following conditions:

500 GiB >= size <= 16384 GiB
Without Description
",Volume Updation - [Valid Scenerio],TC-MuliCloud-Block-379,"SODA Multi-Cloud Docker Containers Up & Running
",,
"Update Throughput Optimized HDD (st1) to Cold HDD (sc1) Volume with following conditions:

500 GiB >= size <= 16384 GiB
With Description
With Tags",Volume Updation - [Valid Scenerio],TC-MuliCloud-Block-380,"SODA Multi-Cloud Docker Containers Up & Running
",,
"Update Throughput Optimized HDD (st1) to Cold HDD (sc1) Volume with Size < 500 GiB
",Volume Updation - [InValid Scenerio],TC-MuliCloud-Block-381,"SODA Multi-Cloud Docker Containers Up & Running
",,
"Update Throughput Optimized HDD (st1) to Cold HDD (sc1) Volume with Size > 16384 GiB
",Volume Updation - [InValid Scenerio],TC-MuliCloud-Block-382,"SODA Multi-Cloud Docker Containers Up & Running
",,
"Update Throughput Optimized HDD (st1) to Cold HDD (sc1) Volume with IOPS
",Volume Updation - [InValid Scenerio],TC-MuliCloud-Block-383,"SODA Multi-Cloud Docker Containers Up & Running
",,
"Update Throughput Optimized HDD (st1) to Magnetic (standard) Volume with following conditions:

1 GiB >= size <= 16384 GiB
With Description",Volume Updation - [Valid Scenerio],TC-MuliCloud-Block-384,"SODA Multi-Cloud Docker Containers Up & Running
",,
"Update Throughput Optimized HDD (st1) to Magnetic (standard) Volume with following conditions:

1 GiB >= size <= 16384 GiB
Without Description
",Volume Updation - [Valid Scenerio],TC-MuliCloud-Block-385,"SODA Multi-Cloud Docker Containers Up & Running
",,
"Update Throughput Optimized HDD (st1) to  Magnetic (standard) Volume with following conditions:

1 GiB >= size <= 16384 GiB
With Description
With Tags",Volume Updation - [Valid Scenerio],TC-MuliCloud-Block-386,"SODA Multi-Cloud Docker Containers Up & Running
",,
"Update Throughput Optimized HDD (st1) to Magnetic (standard) Volume with Size < 1 GiB
",Volume Updation - [InValid Scenerio],TC-MuliCloud-Block-387,"SODA Multi-Cloud Docker Containers Up & Running
",,
"Update Throughput Optimized HDD (st1) to  Magnetic (standard) Volume with Size > 16384 GiB
",Volume Updation - [InValid Scenerio],TC-MuliCloud-Block-388,"SODA Multi-Cloud Docker Containers Up & Running
",,
"Update Throughput Optimized HDD (st1) to  Magnetic (standard) Volume with IOPS
",Volume Updation - [InValid Scenerio],TC-MuliCloud-Block-389,"SODA Multi-Cloud Docker Containers Up & Running
",,
"Update Magnetic (standard) Volume Size
1 GiB >= size <= 16384 GiB
With Description",Volume Updation - [Valid Scenerio],TC-MuliCloud-Block-390,"SODA Multi-Cloud Docker Containers Up & Running
",,
"Update Magnetic (standard) Volume Size
with 1 GiB >= size <= 16384 GiB
Without Description",Volume Updation - [Valid Scenerio],TC-MuliCloud-Block-391,"SODA Multi-Cloud Docker Containers Up & Running
",,
"Update Magnetic (standard) Volume Size
1 GiB >= size <= 16384 GiB
With Description
With Tags",Volume Updation - [Valid Scenerio],TC-MuliCloud-Block-392,"SODA Multi-Cloud Docker Containers Up & Running
",,
Update Magnetic (standard) Volume Size < 1 GiB,Volume Updation - [InValid Scenerio],TC-MuliCloud-Block-393,"SODA Multi-Cloud Docker Containers Up & Running
",,
Update Magnetic (standard) Volume Size > 16384 GiB,Volume Updation - [InValid Scenerio],TC-MuliCloud-Block-394,"SODA Multi-Cloud Docker Containers Up & Running
",,
"Update Magnetic (standard) Volume
with Tags with following condition 
Number of Tags upto 50 in Size
Length of Tag key is <= 128 
Length of Tag key is <=256",Volume Updation - [Valid Scenerio],TC-MuliCloud-Block-395,"SODA Multi-Cloud Docker Containers Up & Running
",,
"Update Magnetic (standard) Volume
with Tags with following condition 
Number of Tags upto 50 in Size
Length of Tag key is > 128 
Length of Tag key is <= 256",Volume Updation - [InValid Scenerio],TC-MuliCloud-Block-396,"SODA Multi-Cloud Docker Containers Up & Running
",,
"Update Magnetic (standard) Volume
with Tags with following condition 
Number of Tags upto 50 in Size
Length of Tag key is <= 128 
Length of Tag key is > 256",Volume Updation - [InValid Scenerio],TC-MuliCloud-Block-397,"SODA Multi-Cloud Docker Containers Up & Running
",,
"Update Magnetic (standard) Volume
with Tags with following condition 
Number of Tags upto 50 in Size
Length of Tag key is > 128 
Length of Tag key is > 256",Volume Updation - [InValid Scenerio],TC-MuliCloud-Block-398,"SODA Multi-Cloud Docker Containers Up & Running
",,
"Update Magnetic (standard) Volume
with Tags with following condition 
Number of Tags > 50 in Size
Length of Tag key is <= 128 
Length of Tag key is <=256",Volume Updation - [InValid Scenerio],TC-MuliCloud-Block-399,"SODA Multi-Cloud Docker Containers Up & Running
",,
"Update Magnetic (standard) Volume
 Number of Tags > 50 in Size
Length of Tag key is > 128 
Length of Tag key is <=256",Volume Updation - [InValid Scenerio],TC-MuliCloud-Block-400,"SODA Multi-Cloud Docker Containers Up & Running
",,
"Update Magnetic (standard) Volume
 Number of Tags > 50 in Size
Length of Tag key is <= 128 
Length of Tag key is > 256",Volume Updation - [InValid Scenerio],TC-MuliCloud-Block-401,"SODA Multi-Cloud Docker Containers Up & Running
",,
"Update Magnetic (standard) Volume
Number of Tags > 50 in Size
Length of Tag key is > 128 
Length of Tag key is > 256",Volume Updation - [InValid Scenerio],TC-MuliCloud-Block-402,"SODA Multi-Cloud Docker Containers Up & Running
",,
"Update Magnetic (standard) to Provisioned IOPS SSD (io1) Volume with following conditions:

1 GiB >= size <= 16384 GiB
100 >= IOPS <= 64000
With Description
",Volume Updation - [Valid Scenerio],TC-MuliCloud-Block-403,"SODA Multi-Cloud Docker Containers Up & Running
",,
"Update Magnetic (standard) to Provisioned IOPS SSD (io1) Volume with following conditions:

1 GiB >= size <= 16384 GiB
100 >= IOPS <= 64000
Without Description
",Volume Updation - [Valid Scenerio],TC-MuliCloud-Block-404,"SODA Multi-Cloud Docker Containers Up & Running
",,
"Update Magnetic (standard) to Provisioned IOPS SSD (io1) Volume with following conditions:

1 GiB >= size <= 16384 GiB
100 >= IOPS <= 64000
With Description
With Tags",Volume Updation - [Valid Scenerio],TC-MuliCloud-Block-405,"SODA Multi-Cloud Docker Containers Up & Running
",,
"Update Magnetic (standard) to Provisioned IOPS SSD (io1) Volume with Size < 1GiB
",Volume Updation - [InValid Scenerio],TC-MuliCloud-Block-406,"SODA Multi-Cloud Docker Containers Up & Running
",,
"Update Magnetic (standard) to Provisioned IOPS SSD (io1) Volume with Size > 16384 GiB
",Volume Updation - [InValid Scenerio],TC-MuliCloud-Block-407,"SODA Multi-Cloud Docker Containers Up & Running
",,
"Update Magnetic (standard) to Provisioned IOPS SSD (io1) Volume with IOPS < 100
",Volume Updation - [InValid Scenerio],TC-MuliCloud-Block-408,"SODA Multi-Cloud Docker Containers Up & Running
",,
"Update Magnetic (standard) to Provisioned IOPS SSD (io1) Volume with IOPS > 64000
",Volume Updation - [InValid Scenerio],TC-MuliCloud-Block-409,"SODA Multi-Cloud Docker Containers Up & Running
",,
"Update Magnetic (standard) to Provisioned IOPS SSD (io2) Volume with following conditions:

1 GiB >= size <= 16384 GiB
100 >= IOPS <= 64000
With Description
",Volume Updation - [Valid Scenerio],TC-MuliCloud-Block-410,"SODA Multi-Cloud Docker Containers Up & Running
",,
"Update Magnetic (standard) to Provisioned IOPS SSD (io2) Volume with following conditions:

1 GiB >= size <= 16384 GiB
100 >= IOPS <= 64000
Without Description
",Volume Updation - [Valid Scenerio],TC-MuliCloud-Block-411,"SODA Multi-Cloud Docker Containers Up & Running
",,
"Update Magnetic (standard) to Provisioned IOPS SSD (io2) Volume with following conditions:

1 GiB >= size <= 16384 GiB
100 >= IOPS <= 64000
With Description
With Tags",Volume Updation - [Valid Scenerio],TC-MuliCloud-Block-412,"SODA Multi-Cloud Docker Containers Up & Running
",,
"Update Magnetic (standard) to Provisioned IOPS SSD (io2) Volume with Size < 1GiB
",Volume Updation - [InValid Scenerio],TC-MuliCloud-Block-413,"SODA Multi-Cloud Docker Containers Up & Running
",,
"Update Magnetic (standard) to Provisioned IOPS SSD (io2) Volume with Size > 16384 GiB
",Volume Updation - [InValid Scenerio],TC-MuliCloud-Block-414,"SODA Multi-Cloud Docker Containers Up & Running
",,
"Update Magnetic (standard) to Provisioned IOPS SSD (io2) Volume with IOPS < 100
",Volume Updation - [InValid Scenerio],TC-MuliCloud-Block-415,"SODA Multi-Cloud Docker Containers Up & Running
",,
"Update Magnetic (standard) to Provisioned IOPS SSD (io2) Volume with IOPS > 64000
",Volume Updation - [InValid Scenerio],TC-MuliCloud-Block-416,"SODA Multi-Cloud Docker Containers Up & Running
",,
"Update Magnetic (standard) to General Purpose SSD (gp2) Volume with following conditions:

1 GiB >= size <= 16384 GiB
With Description",Volume Updation - [Valid Scenerio],TC-MuliCloud-Block-417,"SODA Multi-Cloud Docker Containers Up & Running
",,
"Update Magnetic (standard) to General Purpose SSD (gp2) Volume with following conditions:

1 GiB >= size <= 16384 GiB
Without Description
",Volume Updation - [Valid Scenerio],TC-MuliCloud-Block-418,"SODA Multi-Cloud Docker Containers Up & Running
",,
"Update Magnetic (standard) to General Purpose SSD (gp2) Volume with following conditions:

1 GiB >= size <= 16384 GiB
With Description
With Tags",Volume Updation - [Valid Scenerio],TC-MuliCloud-Block-419,"SODA Multi-Cloud Docker Containers Up & Running
",,
"Update Magnetic (standard) to General Purpose SSD (gp2) Volume with Size < 500 GiB
",Volume Updation - [InValid Scenerio],TC-MuliCloud-Block-420,"SODA Multi-Cloud Docker Containers Up & Running
",,
"Update Magnetic (standard) to General Purpose SSD (gp2) Volume with Size > 16384 GiB
",Volume Updation - [InValid Scenerio],TC-MuliCloud-Block-421,"SODA Multi-Cloud Docker Containers Up & Running
",,
"Update Magnetic (standard) to Cold HDD (sc1) Volume with IOPS
",Volume Updation - [InValid Scenerio],TC-MuliCloud-Block-422,"SODA Multi-Cloud Docker Containers Up & Running
",,
"Update Magnetic (standard) to Cold HDD (sc1) Volume with following conditions:

500 GiB >= size <= 16384 GiB
With Description",Volume Updation - [Valid Scenerio],TC-MuliCloud-Block-423,"SODA Multi-Cloud Docker Containers Up & Running
",,
"Update Magnetic (standard) to Cold HDD (sc1) Volume with following conditions:

500 GiB >= size <= 16384 GiB
Without Description
",Volume Updation - [Valid Scenerio],TC-MuliCloud-Block-424,"SODA Multi-Cloud Docker Containers Up & Running
",,
"Update Magnetic (standard) to Cold HDD (sc1) Volume with following conditions:

500 GiB >= size <= 16384 GiB
With Description
With Tags",Volume Updation - [Valid Scenerio],TC-MuliCloud-Block-425,"SODA Multi-Cloud Docker Containers Up & Running
",,
"Update Magnetic (standard) to Cold HDD (sc1) Volume with Size < 500 GiB
",Volume Updation - [InValid Scenerio],TC-MuliCloud-Block-426,"SODA Multi-Cloud Docker Containers Up & Running
",,
"Update Magnetic (standard) to Cold HDD (sc1) Volume with Size > 16384 GiB
",Volume Updation - [InValid Scenerio],TC-MuliCloud-Block-427,"SODA Multi-Cloud Docker Containers Up & Running
",,
"Update Magnetic (standard) to Cold HDD (sc1) Volume with IOPS
",Volume Updation - [InValid Scenerio],TC-MuliCloud-Block-428,"SODA Multi-Cloud Docker Containers Up & Running
",,
"Update Magnetic (standard) to Throughput Optimized HDD (st1) Volume with following conditions:

1 GiB >= size <= 16384 GiB
With Description",Volume Updation - [Valid Scenerio],TC-MuliCloud-Block-429,"SODA Multi-Cloud Docker Containers Up & Running
",,
"Update Magnetic (standard) to Throughput Optimized HDD (st1) Volume with following conditions:

1 GiB >= size <= 16384 GiB
Without Description
",Volume Updation - [Valid Scenerio],TC-MuliCloud-Block-430,"SODA Multi-Cloud Docker Containers Up & Running
",,
"Update Magnetic (standard) to Throughput Optimized HDD (st1) Volume with following conditions:

1 GiB >= size <= 16384 GiB
With Description
With Tags",Volume Updation - [Valid Scenerio],TC-MuliCloud-Block-431,"SODA Multi-Cloud Docker Containers Up & Running
",,
"Update Magnetic (standard) to Throughput Optimized HDD (st1) Volume with Size < 1 GiB
",Volume Updation - [InValid Scenerio],TC-MuliCloud-Block-432,"SODA Multi-Cloud Docker Containers Up & Running
",,
"Update Magnetic (standard) to Throughput Optimized HDD (st1) Volume with Size > 16384 GiB
",Volume Updation - [InValid Scenerio],TC-MuliCloud-Block-433,"SODA Multi-Cloud Docker Containers Up & Running
",,
"Update Magnetic (standard) to Throughput Optimized HDD (st1) Volume with IOPS
",Volume Updation - [InValid Scenerio],TC-MuliCloud-Block-434,"SODA Multi-Cloud Docker Containers Up & Running
",,